game_id,price_cny,playtime_hours,positive_rate,review_count,chinese_support,tag_count,release_year
1,110.04,7.0,0.871,50,1,5,2018
2,62.95,18.1,0.834,3548,1,5,2023
3,35.84,6.6,0.809,1092,0,7,2016
4,36.95,7.8,0.827,860,1,10,2020
5,70.08,13.9,0.839,804,1,4,2022
6,81.14,4.6,0.671,11392,1,7,2023
7,8.4,8.2,0.739,40534,1,6,2021
8,18.26,6.4,0.653,13730,1,9,2020
9,53.3,14.6,0.869,621,0,4,2023
10,43.0,7.2,0.775,3156,1,7,2019
11,76.11,2.2,0.822,22489,1,11,2019
12,107.17,64.9,0.793,483,1,5,2020
13,16.44,11.0,0.894,20466,1,5,2021
14,34.24,6.5,0.88,4306,1,4,2021
15,82.8,14.8,0.837,2127,0,4,2021
16,67.84,12.1,0.919,3160,1,10,2017
17,31.49,7.7,0.911,88827,1,6,2020
18,34.82,54.4,0.761,2679,0,8,2020
19,71.25,1.9,0.943,5181,1,6,2017
20,25.54,3.1,0.789,177868,0,5,2017
21,45.83,12.9,0.701,182,1,8,2022
22,94.18,16.6,0.883,167278,1,4,2019
23,16.55,3.6,0.8,778,1,7,2021
24,16.69,5.5,0.756,418678,0,7,2017
25,73.3,28.2,0.776,346,1,6,2020
26,23.81,21.8,0.607,726,1,5,2015
27,32.47,2.0,0.852,7061,0,10,2016
28,16.11,32.7,0.714,140736,1,5,2022
29,32.75,43.0,0.507,5267,0,7,2021
30,59.38,13.3,0.643,14661,1,8,2016
31,61.16,103.6,0.9,45648,0,6,2019
32,63.71,3.7,0.881,63661,0,4,2021
33,17.14,18.4,0.811,9306,0,3,2022
34,31.27,42.4,0.83,33937,1,7,2023
35,26.82,44.5,0.951,127532,1,4,2023
36,37.51,19.7,0.877,15171,1,13,2020
37,80.38,13.5,0.7,165,0,4,2021
38,49.22,25.7,0.686,2197,1,6,2022
39,37.26,11.0,0.862,1237,1,5,2021
40,45.04,20.1,0.947,3160,1,6,2020
41,72.34,10.1,0.915,6327,1,5,2016
42,40.59,14.8,0.936,26995,1,6,2022
43,57.64,12.0,0.866,2121,1,5,2020
44,31.96,50.7,0.813,1888,0,7,2016
45,41.33,24.7,0.922,703,1,5,2017
46,33.17,16.2,0.758,407110,1,3,2018
47,65.71,9.9,0.761,4150,1,4,2017
48,41.76,4.4,0.808,1790,1,10,2022
49,18.33,10.3,0.831,122,1,6,2020
50,21.16,24.5,0.818,5434,0,5,2023
51,32.28,23.5,0.752,2864,0,8,2019
52,44.22,10.6,0.569,36716,0,4,2022
53,120.18,9.9,0.864,4306,1,3,2020
54,56.35,1.9,0.735,2222,0,6,2019
55,29.27,14.2,0.857,24091,1,9,2022
56,70.54,12.7,0.789,4133,1,5,2021
57,83.04,3.7,0.784,5610,0,6,2020
58,40.89,4.0,0.849,38363,1,9,2018
59,74.41,20.9,0.698,19403,0,3,2016
60,19.87,13.4,0.844,73581,1,10,2018
61,116.57,30.7,0.83,9865,0,8,2019
62,25.52,22.3,0.768,4512,1,5,2015
63,47.31,25.1,0.804,2477,1,4,2021
64,16.58,53.2,0.798,7690,0,4,2022
65,53.43,33.0,0.933,3659,1,7,2018
66,60.97,13.7,0.895,4225,0,6,2020
67,9.66,6.7,0.867,24368,1,9,2022
68,40.27,6.9,0.665,1186,1,11,2020
69,29.13,1.4,0.871,919,1,6,2021
70,53.78,4.9,0.723,940,0,4,2017
71,16.14,13.1,0.716,2009,1,6,2019
72,128.2,7.2,0.72,4607,0,8,2022
73,37.06,10.9,0.761,27932,1,2,2019
74,33.72,22.1,0.768,822,1,12,2017
75,23.44,6.3,0.785,11405,1,4,2024
76,74.04,13.2,0.655,1354,1,5,2021
77,105.42,22.5,0.957,8533,1,6,2015
78,18.65,24.1,0.819,4849,1,7,2017
79,29.81,13.2,0.807,566,1,6,2022
80,70.76,5.6,0.895,1243,1,11,2020
81,54.44,4.4,0.791,22801,1,6,2020
82,25.07,13.9,0.828,2149,1,7,2016
83,46.96,35.9,0.95,18133,0,11,2017
84,73.52,37.1,0.756,584,0,6,2021
85,23.59,24.4,0.841,19774,1,7,2018
86,55.77,12.0,0.545,45798,1,7,2019
87,77.42,9.6,0.854,537,1,5,2019
88,42.76,30.9,0.872,6142,1,10,2016
89,27.63,5.5,0.93,500000,1,9,2023
90,57.7,18.3,0.882,1824,1,5,2015
91,30.72,14.1,0.814,2334,1,6,2021
92,170.54,24.4,0.754,487,1,7,2019
93,22.15,12.2,0.912,10120,1,6,2022
94,49.16,21.6,0.85,1701,0,9,2020
95,93.66,12.9,0.803,199,1,9,2018
96,30.92,31.6,0.599,2077,0,10,2019
97,19.37,10.3,0.585,21682,0,8,2015
98,20.86,56.1,0.69,52,1,7,2022
99,24.32,4.1,0.877,10673,1,5,2019
100,29.16,6.6,0.813,3300,1,6,2017
101,42.62,10.4,0.802,2689,1,6,2019
102,43.05,2.7,0.769,1751,1,4,2015
103,61.19,13.2,0.632,908,1,8,2020
104,53.64,36.5,0.713,6232,0,8,2021
105,15.39,11.5,0.838,46540,1,7,2017
106,79.59,6.0,0.749,172425,1,7,2022
107,26.5,26.9,0.769,8692,1,6,2018
108,15.19,6.7,0.768,13827,0,6,2016
109,51.46,11.2,0.885,18187,1,8,2019
110,37.08,9.6,0.96,4673,0,5,2016
111,27.89,22.2,0.761,950,1,8,2020
112,29.88,200.0,0.708,127370,1,9,2018
113,70.19,23.5,0.628,4383,1,6,2024
114,39.95,6.8,0.784,1375,1,10,2023
115,36.46,9.2,0.943,63359,1,9,2017
116,46.09,15.1,0.858,1805,1,4,2024
117,18.47,42.0,0.868,6616,0,7,2023
118,42.47,26.7,0.868,2725,1,9,2016
119,34.87,19.9,0.801,1370,1,5,2022
120,65.81,14.0,0.984,13445,1,6,2020
121,43.2,10.2,0.656,6744,1,5,2020
122,126.05,17.3,0.714,183,1,9,2020
123,57.63,61.6,0.798,52823,0,4,2017
124,45.15,14.3,0.886,108,1,5,2018
125,27.74,20.4,0.864,47551,1,6,2017
126,20.76,58.6,0.893,232,1,5,2017
127,22.85,55.6,0.775,17711,0,8,2020
128,117.53,11.6,0.628,2787,1,4,2016
129,56.39,8.2,0.931,43129,1,5,2020
130,32.57,8.9,0.682,16082,0,5,2020
131,87.28,9.5,0.701,512,1,5,2020
132,11.81,15.8,0.621,2401,0,9,2019
133,23.79,7.0,0.888,42512,1,6,2020
134,35.8,11.4,0.833,74103,0,8,2016
135,8.47,30.3,0.856,14394,0,7,2015
136,107.28,50.4,0.862,425,1,8,2017
137,97.88,4.4,0.834,1813,1,8,2017
138,29.87,19.2,0.776,9734,0,9,2021
139,41.54,17.5,0.752,34953,0,9,2017
140,36.08,30.1,0.927,5733,0,7,2016
141,88.41,59.6,0.699,1018,1,7,2019
142,68.87,5.2,0.795,2176,0,9,2017
143,41.75,4.0,0.967,21529,0,7,2021
144,176.96,15.0,0.843,16689,1,9,2020
145,22.95,23.0,0.633,515,0,4,2020
146,32.07,13.0,0.643,8292,1,5,2021
147,55.24,17.4,0.831,224,0,5,2017
148,50.6,6.7,0.704,6166,0,6,2016
149,61.25,23.6,0.856,920,1,8,2020
150,39.21,6.0,0.68,22208,0,6,2020
151,77.98,25.7,0.684,1620,1,7,2020
152,71.97,4.6,0.899,124399,0,4,2022
153,71.99,22.0,0.751,2138,1,7,2021
154,47.4,64.8,0.586,918,1,6,2016
155,78.65,5.7,0.625,96,0,6,2019
156,28.28,37.4,0.744,69531,1,5,2022
157,105.92,4.5,0.87,40153,1,11,2023
158,52.74,12.3,0.796,8310,1,7,2021
159,59.85,7.5,0.901,5617,0,6,2022
160,16.98,15.3,0.757,18862,1,5,2019
161,17.3,15.7,0.47,2102,0,7,2018
162,18.92,15.6,0.88,17769,0,3,2021
163,95.21,9.4,0.942,286,0,3,2020
164,32.45,10.9,0.659,8059,0,8,2020
165,23.82,16.9,0.729,2696,1,4,2017
166,45.09,23.8,0.724,1426,1,4,2016
167,8.97,12.6,0.786,118821,1,15,2017
168,204.32,18.1,0.879,10090,1,8,2019
169,108.16,15.0,0.725,890,1,3,2020
170,39.0,6.6,0.778,46801,0,3,2019
171,35.32,24.4,0.636,5946,0,5,2020
172,57.04,2.3,0.893,22221,1,5,2017
173,52.38,37.6,0.835,14623,1,8,2021
174,49.43,10.0,0.745,9911,1,8,2024
175,38.3,5.8,0.856,2524,0,7,2016
176,59.22,7.2,0.893,7222,0,8,2017
177,46.62,66.0,0.931,8351,0,3,2023
178,32.16,19.3,0.547,68733,1,7,2019
179,28.64,13.5,0.806,8317,1,9,2017
180,77.18,9.1,0.775,213276,1,8,2015
181,42.26,7.9,0.755,412,0,9,2022
182,38.83,3.1,0.863,1995,1,7,2017
183,25.22,8.9,0.741,500000,1,12,2018
184,30.5,4.0,0.691,456,0,9,2020
185,36.24,12.8,0.553,153738,1,5,2018
186,35.02,6.7,0.705,3218,1,13,2016
187,49.56,31.5,0.918,24388,1,10,2023
188,44.66,8.5,0.845,3149,0,6,2020
189,38.18,8.9,0.897,83648,1,7,2020
190,34.65,10.4,0.756,1347,1,8,2022
191,36.24,11.1,0.88,27795,1,7,2019
192,75.5,35.0,0.832,6116,1,7,2021
193,38.36,19.2,0.833,2026,1,4,2019
194,122.41,20.7,0.915,545,1,4,2023
195,78.65,8.6,0.953,4390,0,14,2021
196,21.99,7.5,0.879,6719,1,7,2019
197,21.73,10.5,0.896,23876,0,6,2021
198,151.79,8.0,0.734,80,0,6,2018
199,21.96,54.8,0.921,5750,1,10,2019
200,10.34,18.9,0.847,14630,1,7,2017
201,76.89,52.6,0.603,671,1,6,2023
202,143.04,30.7,0.806,28108,1,7,2020
203,34.36,13.2,0.618,3333,1,6,2022
204,49.01,16.5,0.822,7448,0,5,2022
205,31.32,7.6,0.831,40086,0,4,2021
206,73.55,13.9,0.827,29583,1,8,2021
207,77.76,7.8,0.868,48083,0,5,2019
208,5.48,17.1,0.786,2674,0,7,2015
209,55.1,3.8,0.687,2228,0,7,2020
210,22.35,1.2,0.939,17637,1,5,2019
211,79.14,15.2,0.787,8688,1,7,2021
212,19.12,6.7,0.931,3830,0,3,2016
213,48.41,5.6,0.811,23,0,5,2021
214,36.23,5.1,0.749,664,1,7,2016
215,26.38,6.8,0.88,31916,1,7,2022
216,17.64,21.3,0.731,9292,0,5,2022
217,17.83,1.6,0.662,2803,0,4,2022
218,30.33,4.2,0.534,3012,1,7,2016
219,27.38,13.3,0.821,416,1,7,2015
220,124.19,43.0,0.923,241,0,6,2020
221,36.61,27.7,0.582,979,1,4,2020
222,59.48,99.6,0.863,14246,0,4,2023
223,21.91,12.4,0.782,5057,1,6,2020
224,22.55,21.8,0.576,2630,1,7,2020
225,25.44,200.0,0.925,4690,1,5,2019
226,48.98,10.5,0.722,21207,0,6,2021
227,29.87,51.2,0.886,3111,0,9,2019
228,24.2,18.3,0.843,40427,1,4,2020
229,50.22,8.5,0.749,1907,1,7,2022
230,27.13,29.4,0.856,8722,1,3,2019
231,27.79,6.3,0.763,6085,1,5,2019
232,18.02,34.5,0.754,557,0,4,2020
233,28.78,103.6,0.721,1413,1,4,2015
234,25.48,10.1,0.957,13948,0,7,2020
235,22.31,4.8,0.797,162440,1,9,2021
236,48.72,8.7,0.857,18129,0,6,2015
237,32.47,23.2,0.74,1256,1,4,2019
238,47.15,3.2,0.861,23367,1,7,2020
239,86.21,15.3,0.933,3896,0,6,2018
240,74.88,32.2,0.838,4519,0,3,2019
241,13.64,5.2,0.939,44462,1,6,2020
242,43.29,7.7,0.857,197,0,7,2022
243,25.35,20.4,0.814,825,1,5,2023
244,36.79,6.0,0.873,7984,1,6,2022
245,73.02,18.6,0.67,16129,1,5,2022
246,48.96,10.2,0.912,110,1,9,2019
247,36.69,4.9,0.843,1401,1,5,2020
248,36.17,14.7,0.813,64652,0,6,2020
249,40.59,13.3,0.642,1926,0,8,2018
250,16.78,5.0,0.943,131,0,9,2024
251,36.91,11.4,0.766,20348,0,7,2018
252,79.82,12.6,0.79,10661,0,4,2024
253,25.36,66.9,0.749,2400,1,7,2016
254,40.31,4.6,0.759,28519,1,4,2019
255,81.73,32.3,0.853,6031,0,6,2020
256,131.12,23.1,0.931,6413,0,7,2021
257,11.32,91.2,0.741,1819,1,8,2020
258,32.21,36.5,0.618,45610,0,10,2019
259,22.53,7.4,0.661,727,1,11,2017
260,26.6,9.9,0.868,7493,1,4,2017
261,87.92,58.3,0.902,92916,1,13,2017
262,40.89,5.5,0.832,29831,1,5,2018
263,38.48,13.2,0.758,74666,1,6,2019
264,23.08,12.3,0.696,40447,1,8,2017
265,85.97,13.7,0.868,35344,0,13,2020
266,27.53,16.7,0.793,2015,0,4,2019
267,34.51,19.1,0.89,2313,0,5,2021
268,51.04,13.3,0.812,2248,0,5,2018
269,32.19,6.0,0.756,20369,1,2,2020
270,44.88,3.0,0.704,500000,1,4,2019
271,36.03,6.7,0.794,1070,1,5,2021
272,35.47,6.6,0.621,139,1,9,2021
273,18.85,14.7,0.813,768,1,4,2018
274,34.61,40.2,0.768,3439,1,5,2016
275,172.89,12.3,0.769,66,1,4,2021
276,31.27,30.5,0.787,32578,1,7,2021
277,29.89,15.8,0.898,11763,0,7,2024
278,44.43,22.7,0.754,452,1,9,2022
279,41.98,8.4,0.981,7271,1,4,2023
280,22.43,9.5,0.72,233,1,5,2018
281,27.21,34.8,0.812,3082,0,10,2020
282,25.02,9.1,0.829,318,1,8,2020
283,38.87,3.7,0.871,912,1,5,2019
284,16.2,14.8,0.894,1004,0,5,2015
285,49.58,11.5,0.905,1535,1,5,2022
286,31.4,5.9,0.899,236296,1,5,2018
287,42.35,11.5,0.768,7795,1,8,2016
288,36.85,16.1,0.669,1274,1,6,2022
289,41.31,16.5,0.83,414237,1,7,2021
290,18.01,66.7,0.628,17167,0,4,2017
291,66.08,25.8,0.832,1254,0,6,2021
292,47.19,12.7,0.577,3480,1,4,2015
293,21.44,7.3,0.854,7579,1,11,2017
294,24.12,34.2,0.918,5541,0,7,2023
295,9.86,5.0,0.826,31110,1,12,2020
296,33.9,10.1,0.853,413,1,5,2022
297,34.24,9.0,0.764,19271,0,4,2023
298,51.26,45.4,0.84,21558,1,5,2022
299,5.19,52.8,0.792,275,1,7,2021
300,6.97,5.4,0.695,20633,1,6,2019
301,70.71,8.4,0.842,6550,1,8,2019
302,68.48,24.5,0.849,829,0,8,2020
303,44.14,14.6,0.794,92928,0,8,2021
304,16.04,16.6,0.703,6133,1,6,2020
305,36.09,6.5,0.789,28466,1,5,2020
306,121.86,6.6,0.922,591,0,7,2021
307,44.72,17.0,0.645,6787,1,9,2019
308,32.47,8.1,0.866,164960,1,6,2022
309,28.32,2.9,0.712,139811,1,4,2018
310,15.02,18.4,0.807,2170,0,5,2019
311,46.38,10.1,0.764,511,1,8,2017
312,173.27,9.9,0.944,4089,0,4,2016
313,26.26,10.3,0.85,1413,1,5,2020
314,33.04,14.9,0.635,49,1,4,2016
315,56.65,10.9,0.794,516,0,7,2015
316,16.26,22.2,0.91,938,0,6,2021
317,58.92,17.1,0.616,5229,1,7,2021
318,40.59,2.3,0.716,235,1,7,2020
319,18.73,1.8,0.822,4888,0,7,2017
320,41.37,89.9,0.825,17820,1,4,2018
321,118.19,33.1,0.934,2244,0,5,2019
322,29.86,12.0,0.812,5708,1,4,2016
323,16.37,18.8,0.698,21037,1,4,2017
324,63.74,18.2,0.864,1174,1,9,2017
325,22.9,23.9,0.713,5396,0,11,2020
326,76.62,10.6,0.898,6190,0,8,2023
327,33.26,18.9,0.898,6329,1,4,2022
328,87.65,11.5,0.8,4868,1,3,2021
329,36.79,9.3,0.768,3516,1,9,2023
330,25.62,30.6,0.917,13978,0,8,2020
331,47.63,8.0,0.838,3209,1,3,2016
332,35.14,22.6,0.764,315,0,6,2017
333,20.03,68.5,0.796,21911,0,8,2020
334,37.08,4.4,0.831,7871,0,4,2022
335,19.19,19.4,0.867,3767,1,5,2019
336,15.34,5.7,0.843,1908,0,5,2020
337,44.14,39.3,0.859,126302,1,7,2017
338,41.48,49.1,0.791,21773,1,7,2023
339,102.1,11.9,0.771,221,1,5,2024
340,21.15,24.5,0.905,122,1,8,2015
341,40.33,4.3,0.896,9986,0,3,2022
342,22.09,6.3,0.814,2229,1,6,2019
343,67.49,4.3,0.749,807,1,6,2016
344,64.92,5.4,0.793,66184,0,5,2018
345,49.06,15.4,0.747,18420,1,8,2016
346,131.03,27.2,0.932,23660,0,12,2020
347,92.64,6.7,0.778,519,0,8,2022
348,29.77,41.9,0.766,500000,1,6,2019
349,59.41,15.2,0.941,18353,1,5,2021
350,33.24,6.6,0.646,714,0,5,2018
351,42.36,7.1,0.919,7693,1,5,2016
352,21.39,12.2,0.709,828,0,5,2024
353,39.49,6.2,0.895,2012,0,6,2021
354,111.08,66.6,0.645,2002,1,8,2021
355,25.98,13.7,0.559,491,0,10,2019
356,15.2,26.3,0.422,644,1,5,2020
357,31.73,20.6,0.663,2764,1,6,2019
358,38.52,6.5,0.838,435373,1,5,2020
359,42.82,8.2,0.908,1032,0,9,2017
360,27.03,37.8,0.7,1930,0,6,2022
361,29.69,8.8,0.622,688,0,6,2024
362,115.55,7.6,0.614,233,1,6,2019
363,58.2,8.0,0.666,258856,1,6,2022
364,41.15,30.0,0.867,14508,1,4,2020
365,31.94,18.6,0.851,220897,0,8,2016
366,13.34,12.8,0.911,4362,1,9,2019
367,133.43,8.7,0.88,1391,1,12,2016
368,27.26,15.2,0.801,1963,0,7,2017
369,30.64,2.3,0.827,19565,1,10,2019
370,115.2,24.1,0.838,19570,1,5,2018
371,64.44,27.5,0.886,15075,1,7,2021
372,54.81,15.9,0.881,3364,1,10,2019
373,15.99,16.9,0.9,5531,1,7,2022
374,50.03,19.4,0.927,175977,1,5,2018
375,26.36,23.6,0.867,4151,1,9,2020
376,148.84,29.2,0.78,13834,1,8,2024
377,43.68,7.1,0.733,4367,1,9,2022
378,66.74,12.9,0.914,13200,1,5,2023
379,41.76,3.3,0.699,972,1,9,2021
380,91.62,11.4,0.754,291,1,7,2015
381,47.15,4.7,0.829,6390,1,9,2021
382,18.9,3.2,0.892,598,1,5,2016
383,10.35,23.5,0.623,4064,0,8,2020
384,44.21,28.0,0.895,355111,1,4,2018
385,24.12,36.0,0.708,5576,0,7,2021
386,137.96,4.2,0.584,408,0,8,2017
387,77.59,8.9,0.896,4597,0,5,2022
388,44.8,29.4,0.718,7930,0,5,2022
389,79.18,8.3,0.758,83120,1,3,2019
390,27.27,3.1,0.839,2120,1,6,2016
391,7.57,28.2,0.759,677,1,6,2017
392,27.28,6.8,0.625,1035,1,5,2018
393,49.14,31.2,0.859,65,1,6,2015
394,13.01,25.2,0.854,500000,1,7,2020
395,37.8,10.3,0.694,435,0,7,2016
396,61.27,23.5,0.706,3595,1,6,2018
397,19.63,4.3,0.784,24089,1,5,2015
398,44.2,26.7,0.776,5221,1,4,2019
399,61.34,15.9,0.673,4913,1,9,2017
400,35.76,19.4,0.909,19393,1,6,2023
401,146.71,22.4,0.862,652,0,5,2024
402,22.9,17.6,0.863,1718,1,7,2021
403,48.07,5.0,0.776,17034,1,4,2020
404,37.08,40.1,0.619,21707,1,10,2020
405,49.89,4.4,0.57,430,0,7,2015
406,32.3,10.4,0.642,11513,0,4,2019
407,67.17,4.2,0.679,631,0,7,2022
408,63.32,27.2,0.937,3551,1,5,2021
409,17.06,6.9,0.882,2074,1,12,2022
410,23.95,1.2,0.856,45131,1,5,2021
411,21.24,17.2,0.95,78992,1,5,2021
412,46.15,14.9,0.707,33926,0,5,2020
413,49.78,32.5,0.85,94400,1,8,2021
414,77.45,17.8,0.853,500000,1,6,2017
415,75.02,6.0,0.865,138103,1,5,2017
416,57.48,30.5,0.694,3225,0,7,2016
417,48.42,5.8,0.83,43,0,8,2019
418,52.37,11.6,0.734,104181,1,10,2017
419,88.09,21.8,0.911,499,0,5,2021
420,18.49,14.6,0.766,925,1,5,2024
421,28.75,4.8,0.888,2763,1,4,2015
422,17.24,2.9,0.885,221212,0,8,2018
423,255.18,2.7,0.777,343,1,8,2023
424,52.14,36.1,0.843,10863,1,6,2020
425,29.08,7.9,0.72,76,1,8,2023
426,13.43,8.1,0.798,10694,1,6,2020
427,19.78,13.7,0.767,14618,1,4,2020
428,30.62,54.6,0.864,2257,1,5,2015
429,94.52,32.2,0.773,8135,1,8,2022
430,100.33,3.6,0.949,5130,1,8,2017
431,86.72,9.8,0.831,7343,1,5,2015
432,37.02,13.5,0.78,51260,0,7,2015
433,22.21,4.4,0.805,10427,1,7,2020
434,118.3,7.5,0.846,4126,1,5,2022
435,59.99,8.6,0.824,148,0,11,2020
436,40.31,19.7,0.915,57059,1,10,2021
437,33.21,19.7,0.67,8326,1,5,2020
438,69.8,7.1,0.804,142812,1,6,2019
439,25.05,12.1,0.813,1788,0,4,2019
440,26.51,28.8,0.61,560,1,7,2021
441,32.06,14.4,0.815,18373,1,3,2021
442,100.35,5.6,0.728,1316,1,6,2017
443,41.45,4.7,0.702,9718,1,7,2019
444,63.82,7.6,0.971,8788,1,6,2020
445,110.12,13.5,0.886,9953,0,7,2018
446,29.14,8.1,0.658,17624,1,5,2016
447,23.55,5.2,0.873,686,1,6,2023
448,15.66,61.9,0.817,4206,1,11,2023
449,16.53,15.3,0.582,25560,1,10,2021
450,74.74,23.0,0.786,965,0,8,2016
451,54.04,15.5,0.903,80,1,7,2017
452,106.45,97.1,0.865,1214,1,9,2019
453,28.18,10.0,0.886,1576,1,7,2017
454,16.12,27.3,0.504,2149,0,7,2022
455,22.12,15.4,0.756,500000,1,7,2018
456,67.14,15.2,0.872,1675,1,15,2017
457,26.78,7.4,0.814,668,1,5,2020
458,25.14,2.8,0.363,78,1,7,2020
459,21.0,6.1,0.904,5636,1,8,2020
460,49.97,17.9,0.723,1570,1,2,2021
461,64.96,19.8,0.941,3919,1,5,2017
462,39.97,3.0,0.663,12468,0,10,2021
463,18.13,33.3,0.587,2579,0,6,2017
464,20.65,19.7,0.791,65677,1,8,2019
465,85.39,7.1,0.828,1625,1,5,2019
466,48.59,5.3,0.739,23497,1,7,2015
467,31.35,38.0,0.616,7039,1,7,2023
468,18.65,16.0,0.951,37806,1,9,2016
469,44.78,5.1,0.895,3437,0,7,2019
470,108.42,16.8,0.806,227605,0,5,2020
471,25.54,6.7,0.712,5467,0,5,2016
472,32.74,9.7,0.686,10576,0,11,2019
473,40.56,27.1,0.844,11049,1,10,2015
474,18.75,8.2,0.844,1557,0,7,2022
475,84.04,15.7,0.679,1001,0,7,2018
476,79.77,4.2,0.774,4890,0,8,2022
477,10.0,14.7,0.741,103,0,8,2022
478,54.37,8.9,0.836,145846,1,6,2016
479,10.06,12.6,0.783,2984,1,7,2021
480,47.12,47.9,0.741,134,1,4,2020
481,82.43,8.6,0.668,4130,1,4,2021
482,52.88,6.0,0.825,30353,0,6,2022
483,33.93,12.9,0.609,1215,1,3,2021
484,90.95,14.2,0.789,8439,1,9,2022
485,35.39,15.8,0.651,3066,0,7,2020
486,18.3,9.4,0.966,1005,1,8,2015
487,40.76,5.3,0.784,20662,0,7,2018
488,26.34,6.7,0.801,2515,0,4,2019
489,31.23,33.6,0.893,3558,1,4,2020
490,300.0,19.5,0.726,5592,1,8,2016
491,38.56,13.0,0.726,4384,0,3,2023
492,14.07,17.3,0.796,230,0,4,2016
493,45.97,6.1,0.479,1139,1,4,2019
494,20.03,14.5,0.92,2779,0,9,2023
495,140.64,28.1,0.689,821,0,5,2021
496,14.28,2.0,0.838,1655,1,6,2018
497,51.97,12.8,0.869,9977,1,9,2015
498,59.79,14.2,0.851,8909,0,4,2016
499,56.02,22.3,0.914,8198,1,4,2017
500,41.89,21.2,0.979,38101,1,9,2016
501,15.05,24.7,0.703,879,0,7,2021
502,45.03,19.4,0.898,1510,1,7,2016
503,43.47,8.1,0.736,1739,1,4,2015
504,114.29,15.6,0.855,4601,0,3,2023
505,90.45,25.7,0.907,21385,0,4,2018
506,52.66,8.1,0.756,114992,0,4,2017
507,80.32,13.1,0.638,5819,1,6,2019
508,15.28,12.1,0.924,956,0,6,2019
509,30.27,2.1,0.796,2481,1,11,2020
510,95.94,3.3,0.634,70,1,3,2022
511,98.38,95.7,0.816,271958,1,3,2021
512,72.09,9.0,0.739,34474,1,3,2015
513,29.69,21.7,0.822,20625,1,5,2020
514,38.67,32.3,0.849,852,1,8,2022
515,29.38,38.8,0.844,566,1,8,2018
516,11.18,3.0,0.716,135,0,10,2023
517,45.44,9.1,0.952,149,1,8,2020
518,45.81,12.0,0.814,1970,1,8,2020
519,47.26,7.3,0.958,787,0,6,2023
520,33.17,22.6,0.86,2819,1,11,2020
521,30.87,15.8,0.87,1485,0,6,2021
522,24.31,8.3,0.932,2542,0,8,2024
523,26.6,3.2,0.942,62913,1,8,2020
524,27.27,31.0,0.769,10190,1,10,2023
525,19.17,20.8,0.896,1618,1,6,2021
526,68.05,15.8,0.732,1167,1,6,2020
527,95.79,5.3,0.69,4024,0,7,2019
528,72.37,41.1,0.476,3009,1,5,2018
529,41.06,10.7,0.84,59645,1,8,2015
530,17.59,9.8,0.829,2223,1,6,2022
531,29.63,19.1,0.841,2195,0,7,2021
532,38.79,65.6,0.922,115036,0,5,2021
533,32.32,1.5,0.914,59,1,10,2016
534,35.14,4.0,0.866,2964,0,8,2015
535,29.63,3.3,0.908,17377,0,4,2023
536,50.06,4.2,0.9,741,1,9,2019
537,60.86,18.9,0.798,14322,1,6,2019
538,27.95,7.5,0.796,162465,1,6,2020
539,133.48,40.3,0.809,2722,1,4,2024
540,72.09,78.5,0.662,1088,0,7,2022
541,59.55,22.0,0.951,3242,1,4,2017
542,62.56,50.7,0.856,500000,0,8,2017
543,22.09,4.3,0.825,55762,1,4,2017
544,54.71,12.3,0.785,305,0,3,2020
545,36.83,71.3,0.764,1931,0,11,2020
546,34.21,9.4,0.914,5154,1,6,2022
547,53.95,84.8,0.769,1514,1,4,2023
548,39.8,32.7,0.758,91,1,5,2018
549,102.74,30.7,0.664,17484,1,8,2022
550,108.84,59.2,0.811,8426,1,5,2021
551,99.06,7.4,0.774,485,0,6,2019
552,32.09,18.8,0.888,988,1,7,2022
553,89.49,31.8,0.939,113661,1,7,2019
554,42.53,16.6,0.671,4254,0,5,2023
555,65.59,9.2,0.808,444940,1,4,2020
556,32.59,6.6,0.873,1982,0,6,2022
557,118.91,8.8,0.987,500000,0,6,2019
558,74.1,6.7,0.587,5410,1,10,2018
559,29.91,64.7,0.729,12540,1,6,2016
560,86.01,3.3,0.917,3833,1,5,2020
561,30.71,6.7,0.893,345,1,3,2020
562,30.79,47.4,0.829,811,0,6,2019
563,65.55,3.6,0.946,86,0,5,2017
564,21.68,33.0,0.766,15549,1,8,2020
565,27.55,6.7,0.807,71,1,3,2020
566,41.31,12.6,0.865,43263,1,8,2021
567,39.87,13.6,0.52,662,0,6,2022
568,119.63,16.6,0.715,9348,1,6,2020
569,40.04,12.2,0.887,21278,0,8,2020
570,81.51,7.4,0.806,20201,1,5,2022
571,22.45,23.7,0.93,10976,1,8,2019
572,34.3,21.0,0.632,124311,0,12,2020
573,84.74,13.6,0.888,1425,1,9,2016
574,16.97,8.7,0.896,5571,0,8,2021
575,55.28,4.0,0.508,34021,1,7,2018
576,25.94,15.2,0.89,6090,1,5,2017
577,18.19,19.3,0.767,17937,0,8,2018
578,16.89,36.4,0.869,663,1,4,2021
579,45.62,10.2,0.838,4015,0,4,2020
580,14.78,6.1,0.942,10300,0,7,2023
581,31.48,17.5,0.944,78903,1,6,2021
582,95.81,5.3,0.518,18168,1,6,2017
583,73.0,16.5,0.808,1922,1,7,2021
584,47.53,22.8,0.875,6976,1,6,2023
585,35.9,11.5,0.645,26732,1,7,2024
586,39.16,35.9,0.799,7841,0,6,2017
587,72.02,10.4,0.9,1502,1,7,2022
588,23.85,27.5,0.761,1583,0,7,2019
589,144.09,12.7,0.964,148,0,12,2015
590,52.35,5.1,0.945,249462,0,8,2020
591,30.62,93.6,0.849,8370,0,3,2017
592,22.9,7.8,0.78,4416,1,7,2022
593,70.61,12.7,0.957,143,1,5,2020
594,43.57,4.8,0.768,6645,1,9,2017
595,30.58,21.1,0.946,1661,0,6,2022
596,14.97,21.4,0.831,465,1,7,2023
597,109.61,13.9,0.877,11213,1,5,2019
598,87.43,3.3,0.827,24902,1,6,2022
599,51.28,29.5,0.831,1491,0,6,2019
600,19.34,9.7,0.868,42666,0,8,2024
601,56.54,7.5,0.732,7571,0,5,2021
602,61.91,87.1,0.804,31443,0,10,2024
603,31.59,2.9,0.775,1360,1,10,2022
604,57.53,1.9,0.907,1079,1,5,2017
605,51.84,6.3,0.816,7390,0,6,2019
606,67.05,8.0,0.869,1702,0,3,2018
607,64.21,21.3,0.81,203466,1,7,2017
608,15.73,3.1,0.782,2501,0,9,2017
609,27.11,5.5,0.873,5064,1,6,2021
610,19.67,21.7,0.86,3090,1,6,2020
611,66.54,7.0,0.791,2585,1,7,2022
612,20.84,87.3,0.83,139,0,3,2016
613,24.58,13.9,0.608,434,1,7,2024
614,35.19,9.4,0.833,188959,1,5,2023
615,23.27,17.8,0.861,3303,1,4,2024
616,28.14,7.0,0.782,259,1,12,2022
617,109.25,24.0,0.822,18476,0,7,2020
618,23.72,117.8,0.891,260,1,7,2020
619,48.78,11.8,0.674,2726,0,9,2020
620,33.43,7.2,0.794,1459,1,9,2017
621,115.21,10.6,0.771,211825,0,8,2019
622,100.36,3.0,0.683,1605,1,7,2018
623,78.38,46.8,0.802,6394,1,5,2019
624,22.71,3.5,0.833,1512,1,5,2023
625,31.42,2.6,0.848,224,0,4,2021
626,30.28,8.3,0.969,61059,0,6,2024
627,14.45,2.0,0.684,10413,1,3,2020
628,65.11,3.6,0.917,1882,1,4,2016
629,44.66,25.1,0.841,7382,1,5,2021
630,63.9,36.3,0.921,458,0,8,2021
631,54.93,7.1,0.553,2888,1,7,2019
632,30.43,17.3,0.936,6164,0,6,2018
633,17.71,12.8,0.743,4792,1,9,2019
634,30.46,4.5,0.821,1814,1,3,2019
635,38.92,60.8,0.834,6135,1,7,2016
636,20.67,20.5,0.776,1203,1,6,2021
637,20.96,67.6,0.894,10947,1,9,2018
638,130.31,10.8,0.69,5712,0,4,2022
639,98.75,23.4,0.874,4671,0,10,2017
640,42.21,11.9,0.817,7227,1,7,2019
641,169.75,18.9,0.661,3003,1,6,2019
642,74.42,25.3,0.572,2559,0,7,2022
643,32.88,27.9,0.798,6541,0,6,2016
644,34.89,8.8,0.762,25818,1,5,2023
645,42.13,35.9,0.925,421244,0,4,2018
646,39.09,8.5,0.861,2016,1,9,2024
647,127.12,152.2,0.75,17571,1,7,2019
648,34.72,20.2,0.862,30072,0,4,2020
649,41.99,8.8,0.79,141139,0,5,2022
650,21.82,3.6,0.677,36,1,11,2018
651,58.99,111.0,0.908,28427,1,3,2019
652,45.59,9.3,0.825,3304,1,6,2019
653,73.3,20.7,0.957,20465,0,8,2021
654,14.53,35.2,0.926,62043,0,7,2023
655,20.69,11.9,0.827,1434,1,3,2021
656,31.99,3.5,0.836,20411,1,7,2022
657,17.65,4.4,0.802,1543,1,5,2021
658,10.89,18.9,0.87,256121,0,3,2017
659,19.2,29.7,0.689,81544,0,4,2020
660,77.41,12.0,0.894,539,1,9,2021
661,41.44,40.4,0.779,2129,0,8,2018
662,111.02,19.7,0.917,92258,0,6,2023
663,18.47,44.5,0.833,7792,1,9,2017
664,65.74,8.5,0.768,25735,1,8,2017
665,43.65,3.7,0.781,15514,1,7,2019
666,32.09,6.2,0.782,2781,1,11,2018
667,16.51,34.5,0.861,15837,1,10,2021
668,29.82,7.3,0.858,4077,1,6,2017
669,48.42,12.8,0.863,23732,1,4,2018
670,56.17,15.8,0.822,500000,1,9,2015
671,92.22,7.1,0.588,827,1,10,2021
672,23.93,6.5,0.642,4853,1,6,2021
673,59.22,12.6,0.608,523,1,8,2016
674,61.04,6.7,0.927,186167,1,6,2021
675,46.6,22.8,0.86,11050,1,4,2016
676,24.58,32.2,0.747,24309,1,8,2020
677,52.41,5.7,0.74,1783,1,8,2016
678,46.56,5.8,0.882,240193,0,9,2021
679,25.66,18.9,0.753,9984,1,8,2019
680,19.24,2.8,0.788,15605,1,3,2019
681,51.35,4.7,0.873,526,1,8,2019
682,32.99,9.1,0.824,1185,1,7,2022
683,72.39,4.4,0.731,2559,1,4,2020
684,34.75,51.5,0.758,1875,1,6,2018
685,23.08,7.9,0.785,2143,1,9,2016
686,26.67,7.5,0.669,698,1,8,2022
687,85.87,25.2,0.86,880,1,13,2021
688,24.51,3.0,0.713,32713,1,4,2016
689,13.0,28.4,0.849,29267,1,5,2016
690,28.21,19.7,0.837,411,1,3,2018
691,39.28,4.9,0.684,306,1,6,2022
692,51.5,27.1,0.836,590,1,12,2021
693,57.36,3.8,0.813,421,1,4,2019
694,24.87,8.4,0.722,3729,1,10,2021
695,43.1,5.9,0.761,8181,0,12,2019
696,84.93,7.4,0.849,19532,1,3,2020
697,55.42,3.6,0.722,2766,1,4,2016
698,18.76,16.2,0.797,4171,1,7,2020
699,11.1,36.0,0.795,38461,1,4,2021
700,26.3,16.6,0.543,290,0,7,2018
701,21.8,31.1,0.843,6052,1,5,2018
702,82.76,14.3,0.93,119786,1,6,2020
703,66.25,3.7,0.743,1420,1,3,2021
704,35.71,23.9,0.855,8517,0,4,2022
705,12.69,6.3,0.848,13218,1,10,2021
706,26.39,46.2,0.866,33743,0,7,2020
707,34.83,19.6,0.842,13049,0,5,2019
708,46.37,73.4,0.722,2406,1,3,2021
709,88.31,21.0,0.809,23551,0,5,2017
710,28.6,18.9,0.951,17556,0,6,2015
711,32.93,7.0,0.948,4309,1,5,2023
712,30.33,18.1,0.634,114412,1,10,2021
713,88.46,6.1,0.981,5145,1,3,2022
714,46.5,9.8,0.83,8451,0,8,2018
715,36.29,24.1,0.784,5734,1,5,2017
716,24.35,9.8,0.704,14597,1,7,2022
717,30.21,16.2,0.721,5231,1,5,2017
718,74.22,12.3,0.81,39615,1,7,2022
719,76.48,57.3,0.927,2394,1,6,2018
720,50.24,46.0,0.851,2853,1,8,2020
721,66.1,3.6,0.912,27357,1,9,2022
722,11.09,11.9,0.908,4329,0,4,2020
723,61.22,4.7,0.693,38849,0,7,2022
724,39.34,17.3,0.887,1808,1,3,2020
725,23.12,5.6,0.83,37788,0,4,2019
726,31.56,3.6,0.627,35047,0,8,2019
727,73.87,9.5,0.803,8017,0,6,2020
728,45.12,16.0,0.666,10204,1,14,2018
729,48.19,8.8,0.864,24379,1,5,2022
730,85.33,18.0,0.871,259,1,10,2018
731,30.46,11.2,0.845,684,1,8,2019
732,30.66,13.7,0.616,5189,1,9,2022
733,19.31,16.5,0.659,9874,0,3,2021
734,5.0,6.1,0.906,86277,0,6,2021
735,105.1,9.2,0.868,1056,1,6,2016
736,43.8,19.7,0.761,6904,0,7,2015
737,45.58,61.3,0.968,70153,1,5,2020
738,48.36,6.0,0.72,2098,1,7,2020
739,41.67,11.2,0.947,6912,1,8,2020
740,63.35,7.9,0.892,1390,0,3,2021
741,58.94,8.2,0.943,29311,1,5,2021
742,41.57,26.2,0.743,22633,1,6,2021
743,42.03,5.7,0.796,1679,0,10,2024
744,37.26,31.0,0.808,17961,1,7,2018
745,31.56,9.3,0.782,388,1,5,2021
746,31.51,22.4,0.743,4130,0,7,2022
747,25.89,8.3,0.822,151,1,13,2021
748,34.15,23.5,0.846,18097,1,7,2015
749,110.96,18.6,0.657,4324,1,7,2018
750,49.22,8.4,0.638,8269,1,8,2021
751,32.92,39.3,0.761,48979,0,8,2018
752,67.74,6.1,0.942,382,1,6,2023
753,57.63,10.7,0.823,2905,0,5,2020
754,43.0,1.7,0.844,500000,0,8,2022
755,46.83,9.2,0.919,125981,1,6,2022
756,140.64,19.6,0.816,24316,1,8,2019
757,187.42,4.6,0.716,47,1,8,2018
758,45.7,44.2,0.877,18739,1,5,2018
759,37.98,39.1,0.542,554,1,4,2021
760,60.81,12.2,0.856,99530,1,4,2016
761,23.88,35.8,0.668,7787,1,5,2022
762,49.87,6.7,0.808,1749,1,8,2018
763,101.36,3.1,0.901,823,0,5,2015
764,112.81,19.1,0.807,2133,1,7,2020
765,32.86,6.3,0.926,521,1,7,2020
766,82.94,14.0,0.818,546,1,3,2019
767,43.0,4.8,0.631,5205,0,8,2016
768,37.45,36.1,0.829,12555,0,6,2018
769,12.73,5.9,0.796,1705,0,8,2019
770,34.35,14.0,0.839,4366,1,8,2016
771,47.18,25.2,0.719,10804,1,8,2019
772,30.65,25.5,0.715,6060,1,9,2021
773,39.67,17.2,0.704,7369,0,8,2020
774,101.93,31.2,0.667,563,1,5,2018
775,117.33,14.5,0.8,113271,1,7,2020
776,23.86,18.2,0.917,9339,0,4,2021
777,25.06,6.7,0.792,324,1,4,2022
778,23.46,13.8,0.834,1511,0,7,2020
779,33.89,21.1,0.787,1989,0,6,2019
780,23.07,61.6,0.742,12113,1,2,2020
781,14.91,30.4,0.853,367497,1,7,2016
782,8.72,8.3,0.913,2899,0,4,2018
783,21.54,6.6,0.826,3969,1,7,2020
784,60.22,51.1,0.897,4196,1,4,2018
785,78.61,11.3,0.851,505,1,4,2021
786,165.01,5.1,0.885,66322,1,8,2018
787,43.9,3.1,0.808,2615,0,8,2020
788,37.64,5.0,0.845,4762,1,12,2019
789,54.11,25.7,0.656,23709,0,6,2019
790,18.28,7.9,0.703,6949,0,8,2022
791,55.26,7.0,0.828,199,1,4,2019
792,72.97,7.3,0.812,11067,1,5,2020
793,41.04,5.6,0.89,14851,1,3,2017
794,38.62,23.1,0.734,9773,1,7,2022
795,63.95,20.5,0.777,4557,1,9,2020
796,44.11,20.0,0.89,604,1,9,2018
797,32.02,23.5,0.737,19900,0,6,2020
798,59.7,10.2,0.809,14337,1,3,2020
799,75.9,14.4,0.876,12663,0,8,2015
800,39.0,31.0,0.864,802,0,8,2016
801,36.34,25.0,0.77,1658,1,6,2015
802,27.46,11.8,0.639,12054,1,5,2016
803,32.1,10.4,0.856,52447,1,5,2018
804,53.07,2.6,0.908,26986,1,13,2020
805,17.4,20.8,0.784,806,0,5,2020
806,37.38,19.3,0.784,18292,0,2,2016
807,25.16,33.3,0.936,400,0,2,2019
808,43.73,13.7,0.926,13916,0,8,2019
809,112.44,18.5,0.503,248,0,4,2020
810,49.1,6.8,0.775,14534,1,6,2017
811,69.45,6.8,0.958,13394,1,4,2019
812,35.96,4.6,0.867,373,1,8,2023
813,15.92,16.2,0.93,41606,1,5,2015
814,54.7,2.7,0.95,98182,0,9,2022
815,19.0,1.6,0.889,1411,1,6,2021
816,71.07,34.3,0.971,15868,1,5,2022
817,23.34,6.1,0.681,47610,1,7,2023
818,20.34,9.4,0.871,12900,1,6,2017
819,38.99,11.9,0.831,13469,1,5,2017
820,25.59,11.7,0.899,618,1,2,2020
821,43.01,38.3,0.589,2513,1,5,2015
822,60.23,10.6,0.835,1045,1,3,2017
823,86.98,3.7,0.863,20742,1,6,2017
824,33.44,6.8,0.645,109,0,4,2016
825,29.5,25.6,0.815,3162,1,9,2017
826,50.58,9.8,0.772,633,1,6,2017
827,24.08,17.2,0.788,90685,1,5,2021
828,43.07,7.6,0.744,8698,0,7,2021
829,38.04,7.2,0.821,1726,1,6,2018
830,60.61,29.4,0.709,2120,1,4,2021
831,71.12,14.3,0.955,331,0,7,2023
832,26.44,2.9,0.928,21175,0,5,2021
833,30.01,25.5,0.901,1781,1,8,2022
834,35.01,6.4,0.825,1726,0,6,2024
835,132.81,8.4,0.856,268650,1,8,2022
836,27.01,17.9,0.832,6024,1,5,2016
837,68.17,30.9,0.945,521,1,7,2018
838,54.81,12.2,0.9,65870,1,7,2019
839,96.72,70.9,0.901,4154,0,7,2021
840,104.99,20.0,0.77,122486,1,3,2018
841,47.7,4.5,0.834,7744,1,8,2022
842,38.43,18.2,0.697,2769,0,4,2022
843,115.31,16.5,0.888,228,1,10,2021
844,21.22,16.2,0.613,4120,0,4,2021
845,75.96,12.5,0.753,72366,1,5,2019
846,36.79,5.1,0.789,694,0,4,2019
847,70.04,27.4,0.853,41044,1,5,2019
848,35.4,16.5,0.877,142,1,6,2017
849,25.61,17.3,0.858,1778,1,11,2021
850,144.81,36.7,0.863,9797,0,8,2023
851,26.37,9.7,0.695,5038,1,7,2020
852,124.54,7.6,0.813,130994,1,4,2021
853,37.35,8.6,0.912,1801,1,8,2017
854,67.02,15.3,0.755,7616,1,4,2022
855,75.52,12.2,0.873,22731,1,3,2017
856,37.38,18.7,0.823,626,0,4,2017
857,52.87,4.2,0.657,3837,1,12,2021
858,25.88,6.4,0.783,4601,1,11,2015
859,70.67,22.2,0.688,10209,0,9,2016
860,46.52,8.0,0.725,6541,1,4,2021
861,24.23,5.5,0.816,206832,1,5,2024
862,35.92,3.2,0.957,15158,1,7,2020
863,80.18,8.4,0.654,567,0,7,2021
864,9.31,15.8,0.928,1073,0,6,2019
865,70.62,8.4,0.807,1876,1,10,2015
866,18.8,7.8,0.749,67,0,5,2022
867,51.45,85.7,0.771,500000,1,4,2016
868,33.54,29.5,0.802,8793,1,6,2022
869,62.59,24.2,0.579,206,1,9,2020
870,37.16,4.9,0.736,1112,0,6,2016
871,52.89,43.2,0.788,1528,0,8,2024
872,43.57,12.4,0.927,361,1,7,2018
873,17.71,17.5,0.488,1970,1,5,2023
874,27.65,10.8,0.551,17733,0,9,2015
875,55.12,18.2,0.92,1390,1,7,2016
876,20.98,7.0,0.681,1026,1,5,2023
877,15.67,13.5,0.842,63467,0,7,2021
878,93.48,13.7,0.951,177,1,7,2017
879,62.16,16.5,0.777,8420,1,8,2020
880,45.82,34.2,0.815,1041,0,10,2018
881,70.78,4.9,0.855,2342,1,9,2020
882,44.61,28.5,0.888,8617,1,6,2020
883,29.81,4.0,0.841,32887,1,4,2022
884,18.69,53.3,0.629,226835,1,9,2020
885,30.65,6.2,0.614,932,1,8,2020
886,32.36,17.7,0.846,7301,0,8,2016
887,32.9,62.3,0.959,763,0,7,2019
888,72.04,7.7,0.885,6097,1,11,2021
889,44.18,74.2,0.835,400,1,4,2021
890,43.92,9.7,0.856,428,1,3,2021
891,54.13,26.2,0.583,15788,1,5,2017
892,59.44,1.8,0.929,20678,1,4,2022
893,67.21,63.9,0.781,245,0,4,2017
894,44.62,8.6,0.73,47168,1,9,2020
895,48.65,8.6,0.803,8001,1,8,2021
896,86.64,48.1,0.731,150714,1,5,2021
897,38.6,19.5,0.844,1453,1,6,2023
898,59.6,5.9,0.719,170055,1,9,2022
899,29.8,2.0,0.893,4308,0,5,2015
900,85.0,5.5,0.866,17213,1,8,2018
901,28.09,16.1,0.932,23881,0,8,2021
902,118.0,4.4,0.904,194,1,6,2022
903,27.84,42.0,0.745,654,1,3,2018
904,22.04,21.6,0.858,7007,0,7,2020
905,91.33,4.9,0.655,1881,1,8,2019
906,49.22,4.6,0.771,2268,0,4,2016
907,86.17,27.8,0.412,16998,1,5,2024
908,43.02,8.0,0.88,3522,1,9,2017
909,16.47,17.2,0.8,40079,1,7,2021
910,83.12,1.9,0.811,10487,0,5,2023
911,95.1,45.2,0.805,108043,1,7,2021
912,56.61,10.8,0.535,12586,0,7,2015
913,51.02,32.1,0.894,231,1,4,2020
914,26.23,24.5,0.854,2601,1,6,2022
915,21.03,24.4,0.592,16,1,5,2020
916,23.69,8.0,0.818,1253,0,3,2018
917,18.63,12.6,0.941,64872,1,6,2022
918,66.66,29.2,0.866,66310,1,3,2022
919,46.52,28.3,0.866,44692,1,8,2019
920,54.6,44.6,0.718,20159,1,3,2022
921,33.1,6.8,0.858,62961,1,9,2019
922,41.37,2.0,0.877,300,1,4,2016
923,29.86,18.0,0.703,977,1,5,2016
924,125.31,16.3,0.808,337331,1,9,2018
925,34.17,3.0,0.769,2870,0,7,2015
926,24.89,15.5,0.623,5923,1,9,2019
927,69.88,18.9,0.899,2916,0,4,2023
928,30.26,12.9,0.933,104,1,6,2019
929,22.01,12.2,0.92,5587,1,4,2023
930,62.64,72.3,0.712,22584,1,8,2021
931,24.57,13.4,0.684,8210,1,3,2021
932,60.56,8.3,0.86,413,1,6,2021
933,52.36,7.8,0.872,10131,1,3,2016
934,53.24,10.7,0.942,8495,1,4,2019
935,113.62,21.1,0.813,644,0,7,2020
936,48.8,7.8,0.813,193,0,7,2022
937,71.42,25.9,0.591,1391,0,6,2018
938,40.79,1.7,0.715,500000,1,6,2019
939,87.97,12.8,0.674,34818,0,7,2016
940,45.15,19.7,0.659,3992,1,7,2019
941,21.3,28.0,0.73,907,1,4,2020
942,16.17,3.6,0.82,845,1,7,2021
943,38.5,16.8,0.72,14534,1,4,2017
944,42.46,5.8,0.658,2243,1,4,2018
945,94.17,11.0,0.817,2106,1,5,2019
946,30.4,9.9,0.827,3399,1,8,2020
947,45.96,20.1,0.656,557,0,3,2018
948,26.95,48.5,0.691,1056,0,8,2021
949,144.77,57.3,0.765,26333,1,5,2017
950,32.9,9.9,0.838,2796,1,7,2019
951,37.8,15.7,0.661,2501,1,11,2016
952,19.96,20.1,0.788,3108,1,9,2020
953,91.05,58.2,0.705,4937,0,10,2015
954,20.23,35.5,0.905,106501,0,5,2018
955,40.7,14.0,0.894,379,0,5,2016
956,44.98,1.2,0.787,361,1,11,2021
957,35.93,5.6,0.731,435,0,6,2022
958,42.64,10.0,0.756,469316,1,6,2023
959,76.34,10.3,0.622,997,1,8,2017
960,93.66,31.7,0.946,10696,1,5,2017
961,76.44,23.8,0.812,2198,1,9,2020
962,61.99,5.0,0.769,172,1,6,2020
963,95.04,19.4,0.643,252,1,8,2016
964,42.73,25.9,0.887,2815,0,12,2018
965,31.52,38.2,0.898,5337,0,7,2019
966,83.05,15.0,0.709,20083,1,7,2021
967,20.14,14.9,0.729,557,1,6,2020
968,15.91,74.1,0.661,878,0,10,2024
969,57.56,4.0,0.946,74294,1,6,2019
970,119.4,6.5,0.796,48408,1,6,2018
971,26.82,14.2,0.705,1186,1,5,2019
972,41.48,11.9,0.792,500000,1,6,2019
973,19.01,6.0,0.659,7767,1,7,2023
974,41.12,9.3,0.808,1245,1,6,2020
975,23.98,17.5,0.832,11255,0,6,2018
976,62.91,7.9,0.922,446,1,5,2021
977,32.47,15.3,0.558,2757,0,7,2023
978,28.72,35.4,0.744,24195,1,4,2020
979,130.54,7.8,0.771,222918,1,7,2017
980,29.72,46.0,0.505,23,0,5,2022
981,21.33,13.5,0.772,98635,1,6,2020
982,35.65,2.4,0.803,9501,1,3,2018
983,68.19,4.0,0.767,289,1,2,2021
984,155.67,5.2,0.762,6388,0,4,2020
985,49.74,30.6,0.651,195330,1,3,2020
986,19.33,5.9,0.701,22478,0,4,2018
987,31.35,11.8,0.752,21111,0,6,2021
988,34.01,10.9,0.811,269,1,3,2018
989,123.57,10.3,0.693,50,0,7,2019
990,55.98,3.6,0.923,4669,1,5,2019
991,54.21,13.2,0.757,39095,1,9,2019
992,19.44,5.5,0.719,348,1,8,2016
993,93.1,31.1,0.795,38512,1,7,2020
994,34.25,12.7,0.703,5867,1,8,2019
995,63.57,12.4,0.719,16247,1,8,2018
996,46.83,16.9,0.858,9131,0,4,2019
997,23.59,69.1,0.769,5707,0,9,2020
998,22.6,6.5,0.884,56195,0,7,2022
999,38.51,7.2,0.677,5756,1,5,2024
1000,56.75,8.9,0.731,31,1,6,2019
1001,93.21,5.4,0.87,617,1,5,2017
1002,44.41,25.8,0.66,37126,1,10,2018
1003,31.19,35.3,0.896,83281,1,9,2022
1004,26.99,8.9,0.764,8197,1,6,2021
1005,47.14,4.1,0.911,4105,0,7,2019
1006,40.34,4.8,0.924,20799,1,4,2022
1007,43.12,17.3,0.891,60804,0,12,2023
1008,57.68,29.7,0.778,5306,1,5,2017
1009,68.0,11.3,0.695,3862,1,5,2021
1010,54.7,20.2,0.672,1456,1,8,2018
1011,79.3,36.8,0.836,166860,0,7,2020
1012,85.5,40.7,0.754,133,1,7,2017
1013,24.36,10.8,0.757,353,1,7,2019
1014,28.39,17.1,0.75,390863,1,5,2018
1015,31.18,14.1,0.882,2551,0,7,2020
1016,24.97,17.7,0.768,40374,1,4,2022
1017,56.53,2.5,0.953,203,1,8,2020
1018,64.47,200.0,0.653,1251,0,6,2019
1019,31.87,8.7,0.735,166,0,9,2021
1020,58.68,51.3,0.79,71,1,3,2020
1021,95.05,13.8,0.646,1960,0,7,2015
1022,26.0,5.6,0.806,14094,1,7,2020
1023,26.49,13.5,0.962,63557,0,7,2021
1024,33.37,23.4,0.902,1083,1,9,2023
1025,28.11,13.5,0.826,1659,1,8,2022
1026,26.98,22.1,0.608,7846,1,5,2015
1027,27.97,151.7,0.607,6237,1,5,2021
1028,102.22,7.8,0.778,3230,1,8,2022
1029,55.82,20.4,0.856,1136,1,6,2018
1030,76.34,28.0,0.907,65657,1,5,2023
1031,58.07,15.8,0.781,57951,0,4,2020
1032,24.75,62.6,0.766,14806,1,5,2021
1033,19.58,4.1,0.899,24068,0,8,2020
1034,15.21,5.0,0.604,11646,1,8,2017
1035,11.3,39.8,0.673,5373,0,10,2019
1036,14.82,40.9,0.679,500000,1,8,2018
1037,47.47,22.4,0.762,4791,1,9,2022
1038,44.87,15.1,0.956,2268,0,4,2023
1039,37.19,9.5,0.918,41532,1,8,2016
1040,39.63,8.9,0.913,2442,0,7,2019
1041,34.58,3.7,0.558,9463,1,7,2018
1042,21.06,35.3,0.801,213,1,8,2022
1043,72.02,3.2,0.921,46773,1,2,2022
1044,41.0,40.1,0.797,2803,1,4,2021
1045,47.23,21.9,0.816,13875,1,10,2020
1046,17.84,13.4,0.741,177254,0,9,2021
1047,18.47,4.8,0.93,1196,1,5,2021
1048,66.69,26.4,0.808,2161,0,13,2021
1049,57.41,5.0,0.751,23956,1,6,2015
1050,73.02,24.3,0.833,20918,1,3,2019
1051,36.86,14.7,0.874,2210,0,7,2020
1052,16.88,33.5,0.871,12159,1,3,2019
1053,39.96,15.6,0.943,1996,1,5,2019
1054,81.09,18.0,0.937,41178,1,7,2022
1055,54.93,7.4,0.919,146820,1,10,2016
1056,40.88,16.9,0.771,23875,1,6,2016
1057,13.53,38.3,0.95,4603,1,8,2020
1058,47.45,5.9,0.659,1558,1,6,2021
1059,56.19,19.5,0.786,5887,1,8,2023
1060,30.79,8.8,0.488,1115,1,6,2018
1061,35.05,24.8,0.797,155400,1,9,2024
1062,22.69,11.1,0.837,352,1,9,2022
1063,33.14,6.8,0.82,7132,0,4,2022
1064,33.86,8.5,0.881,753,1,10,2016
1065,29.85,10.2,0.89,355,1,10,2021
1066,27.49,19.0,0.794,28064,1,9,2020
1067,19.2,4.7,0.867,33852,1,6,2021
1068,46.0,14.2,0.735,947,1,10,2021
1069,24.04,5.4,0.569,5219,1,11,2017
1070,124.18,9.7,0.811,12154,1,7,2018
1071,18.19,7.4,0.748,2646,0,6,2021
1072,23.23,24.7,0.65,53262,0,10,2024
1073,39.41,5.7,0.826,12872,0,9,2021
1074,31.9,28.0,0.776,62184,0,9,2021
1075,37.63,48.8,0.818,7060,1,9,2021
1076,7.72,9.3,0.885,29333,0,8,2021
1077,12.97,10.6,0.878,2620,1,5,2023
1078,58.34,15.6,0.879,1834,1,11,2021
1079,38.15,15.5,0.569,2258,0,11,2015
1080,27.89,8.3,0.555,885,1,4,2018
1081,36.18,24.8,0.845,9142,0,5,2019
1082,52.17,6.0,0.794,27527,0,6,2018
1083,48.5,33.1,0.693,241,1,4,2021
1084,39.37,4.6,0.664,77,1,4,2023
1085,21.91,10.4,0.779,814,1,10,2017
1086,156.19,6.9,0.748,2365,0,5,2017
1087,18.11,10.5,0.711,155,1,8,2020
1088,23.55,15.7,0.945,2512,0,5,2021
1089,13.84,11.0,0.826,463,1,7,2019
1090,27.79,40.4,0.963,193,0,4,2020
1091,12.71,14.2,0.957,1472,1,6,2017
1092,22.28,118.3,0.739,31046,1,8,2019
1093,49.89,9.5,0.624,3997,1,5,2017
1094,33.25,8.2,0.854,33345,1,7,2021
1095,30.06,90.3,0.78,157457,0,6,2021
1096,23.19,37.9,0.833,68812,1,2,2023
1097,49.76,16.9,0.848,30044,1,7,2021
1098,38.15,38.0,0.496,181,1,3,2017
1099,34.06,10.8,0.717,12046,0,6,2019
1100,28.68,21.6,0.674,14212,1,6,2018
1101,56.92,15.1,0.904,689,1,5,2022
1102,15.56,7.5,0.935,4010,1,10,2021
1103,75.66,17.8,0.903,20553,1,9,2017
1104,32.31,55.6,0.634,6889,0,9,2018
1105,18.73,5.9,0.72,172,1,12,2020
1106,79.05,10.5,0.864,66949,0,4,2022
1107,43.84,2.7,0.784,5791,1,5,2022
1108,42.23,107.9,0.934,19221,1,8,2019
1109,38.45,13.0,0.918,2384,1,3,2019
1110,19.12,17.6,0.761,65790,1,11,2021
1111,63.78,7.6,0.89,328,1,6,2023
1112,25.54,29.4,0.855,156,1,7,2024
1113,9.41,4.7,0.753,160853,1,7,2017
1114,23.42,27.2,0.853,627,0,8,2017
1115,26.61,5.6,0.929,26879,1,4,2016
1116,66.48,2.6,0.853,1555,1,6,2022
1117,22.78,14.6,0.89,9176,1,7,2020
1118,21.1,14.5,0.813,9820,0,8,2020
1119,52.91,34.8,0.849,3244,0,9,2019
1120,102.72,11.4,0.722,7450,1,5,2021
1121,54.87,20.8,0.811,11044,1,5,2017
1122,48.53,16.7,0.916,1043,1,3,2015
1123,42.19,13.6,0.897,10560,1,5,2017
1124,27.99,26.7,0.859,46392,1,4,2016
1125,35.57,13.7,0.875,9747,1,3,2016
1126,109.74,1.5,0.844,26598,0,4,2021
1127,57.99,26.6,0.708,2054,0,8,2019
1128,40.46,7.9,0.857,22859,1,4,2020
1129,20.3,20.0,0.978,1087,1,5,2020
1130,33.8,10.3,0.727,14696,0,10,2015
1131,41.1,12.3,0.585,4069,1,3,2019
1132,68.86,3.1,0.874,8516,1,6,2020
1133,51.91,5.0,0.714,2434,1,5,2015
1134,37.25,5.5,0.879,525,1,8,2021
1135,42.02,9.1,0.822,14014,0,7,2016
1136,68.66,53.7,0.736,10700,1,6,2020
1137,37.63,18.6,0.711,22026,0,4,2020
1138,23.58,11.7,0.896,94,1,7,2020
1139,10.8,5.7,0.775,12970,0,6,2024
1140,57.32,41.0,0.877,84785,1,3,2019
1141,48.73,10.6,0.864,3803,1,10,2017
1142,45.5,40.3,0.725,370,0,9,2022
1143,23.74,3.7,0.657,18546,0,3,2017
1144,69.67,11.1,0.65,124,1,8,2020
1145,13.87,9.4,0.625,74521,0,5,2016
1146,41.89,22.5,0.855,4882,1,6,2018
1147,34.07,4.4,0.71,2737,0,3,2021
1148,47.11,9.8,0.812,5692,1,5,2023
1149,32.67,10.4,0.915,4500,1,4,2023
1150,40.99,8.1,0.944,10724,1,8,2021
1151,24.25,15.5,0.853,63101,1,5,2020
1152,36.71,13.2,0.83,2293,1,10,2020
1153,19.94,3.8,0.953,2710,0,5,2015
1154,33.35,71.4,0.838,5600,1,9,2020
1155,27.24,3.4,0.594,2612,0,10,2015
1156,51.95,6.6,0.678,15229,1,5,2021
1157,69.01,8.5,0.955,330202,1,8,2017
1158,12.87,50.9,0.91,112698,1,4,2020
1159,23.35,14.5,0.713,47,0,6,2019
1160,13.42,3.1,0.773,11049,0,3,2020
1161,20.82,7.2,0.71,72098,0,7,2021
1162,22.36,17.1,0.867,7452,1,6,2019
1163,96.54,17.3,0.853,11039,1,3,2015
1164,36.53,22.1,0.926,102154,0,4,2015
1165,22.78,51.2,0.876,111100,0,8,2024
1166,14.78,30.5,0.799,9225,1,6,2018
1167,104.46,16.5,0.721,1126,1,7,2017
1168,47.98,3.0,0.678,2235,0,10,2023
1169,32.68,2.8,0.787,14809,1,7,2015
1170,36.42,14.7,0.751,5946,0,4,2020
1171,49.12,11.1,0.766,89400,1,4,2020
1172,57.36,15.0,0.738,3355,0,11,2020
1173,122.94,5.4,0.932,33934,1,7,2024
1174,18.89,22.6,0.924,6197,0,12,2021
1175,69.24,14.9,0.816,4850,1,9,2016
1176,64.75,15.3,0.776,1721,0,6,2019
1177,10.38,20.7,0.792,48328,1,8,2018
1178,26.23,28.8,0.774,29012,0,5,2021
1179,68.36,2.6,0.931,130786,0,5,2016
1180,49.47,8.3,0.642,87976,0,6,2020
1181,25.98,6.1,0.915,6503,1,6,2016
1182,100.31,9.6,0.735,23949,0,8,2015
1183,64.88,3.2,0.765,856,0,7,2022
1184,22.45,9.7,0.759,350,1,6,2021
1185,18.22,55.8,0.92,49253,0,7,2020
1186,65.55,50.5,0.866,2697,0,8,2016
1187,37.08,2.5,0.902,36998,0,6,2024
1188,44.3,16.0,0.738,324899,0,12,2022
1189,53.59,10.0,0.921,297,1,4,2020
1190,70.89,7.9,0.685,248,1,4,2020
1191,64.89,37.3,0.864,1316,1,8,2023
1192,113.6,18.9,0.558,9723,1,8,2022
1193,19.55,16.4,0.554,6270,0,8,2018
1194,51.14,83.9,0.769,44032,0,5,2020
1195,40.51,14.1,0.916,558,0,4,2016
1196,45.31,10.4,0.875,10450,1,8,2015
1197,45.64,10.8,0.7,8759,1,4,2024
1198,49.28,26.9,0.658,691,0,4,2024
1199,71.16,10.7,0.731,2857,1,9,2020
1200,42.68,35.2,0.825,8705,0,6,2021
1201,12.88,1.7,0.689,483,1,7,2020
1202,19.89,12.1,0.845,76171,0,5,2021
1203,35.67,3.3,0.682,6102,1,10,2018
1204,100.67,4.1,0.785,590,1,8,2017
1205,14.86,16.2,0.879,16940,0,3,2021
1206,89.94,15.4,0.871,942,1,9,2018
1207,38.23,11.6,0.739,8348,1,8,2019
1208,44.6,11.2,0.615,2233,1,6,2018
1209,23.55,6.3,0.732,5320,1,7,2022
1210,119.78,10.7,0.837,249,1,6,2022
1211,102.76,17.9,0.798,286,0,4,2017
1212,88.29,16.7,0.771,852,1,3,2019
1213,46.44,8.2,0.742,783,1,5,2019
1214,10.96,2.6,0.861,24666,1,7,2020
1215,46.65,3.6,0.877,53592,1,6,2022
1216,82.16,29.9,0.72,52275,1,4,2016
1217,56.66,17.2,0.609,205,0,7,2021
1218,71.2,11.1,0.847,4941,1,5,2024
1219,58.91,66.8,0.744,1831,1,9,2020
1220,25.11,11.6,0.788,41854,1,5,2019
1221,45.7,48.9,0.821,58127,1,7,2022
1222,49.44,6.2,0.729,3209,1,7,2023
1223,24.12,6.1,0.83,1148,0,5,2020
1224,35.21,11.3,0.78,2002,1,4,2020
1225,57.27,8.0,0.626,112,1,7,2016
1226,46.74,13.3,0.601,24324,0,9,2018
1227,21.41,7.4,0.836,18340,1,3,2016
1228,44.59,4.2,0.864,48776,1,5,2022
1229,100.04,21.3,0.776,104,1,6,2016
1230,20.9,23.2,0.909,1177,1,7,2021
1231,35.61,25.7,0.682,584,0,11,2018
1232,92.86,58.0,0.859,1857,1,6,2017
1233,41.56,27.8,0.621,175,1,3,2023
1234,49.8,19.4,0.741,5575,1,4,2019
1235,72.45,2.7,0.464,6082,1,5,2020
1236,82.89,7.7,0.74,11779,0,5,2015
1237,53.62,43.1,0.784,48690,1,7,2022
1238,47.58,14.7,0.821,44185,0,3,2017
1239,73.38,7.9,0.874,4448,1,9,2019
1240,109.7,8.9,0.861,51828,1,10,2022
1241,42.65,13.3,0.838,25561,1,4,2022
1242,20.18,4.2,0.71,90,1,6,2015
1243,44.86,18.4,0.757,39900,0,2,2020
1244,48.34,6.4,0.785,6575,1,6,2022
1245,63.54,5.3,0.951,2760,0,4,2016
1246,13.64,13.1,0.821,8944,1,4,2019
1247,28.1,10.8,0.951,1796,0,10,2020
1248,22.03,36.2,0.731,1456,1,4,2019
1249,11.56,7.8,0.718,442,1,6,2021
1250,30.11,8.9,0.861,2082,1,4,2022
1251,53.05,16.9,0.799,2756,1,9,2019
1252,29.74,58.0,0.908,9392,1,7,2017
1253,78.0,11.8,0.716,7353,0,6,2020
1254,20.24,14.2,0.484,511,1,11,2018
1255,138.61,46.6,0.866,13699,1,5,2023
1256,53.81,30.9,0.719,358,0,6,2018
1257,39.71,12.0,0.777,664,1,6,2021
1258,23.88,19.4,0.839,61708,0,5,2021
1259,35.49,16.3,0.972,1361,1,4,2019
1260,60.86,36.3,0.84,7793,1,4,2015
1261,31.96,7.4,0.917,31092,1,5,2017
1262,113.09,21.9,0.913,864,1,6,2020
1263,40.11,51.6,0.857,42,0,5,2023
1264,38.87,6.1,0.678,755,0,6,2019
1265,128.51,6.6,0.886,6964,1,5,2023
1266,13.17,11.3,0.593,159,0,8,2021
1267,37.11,7.8,0.873,30131,1,6,2017
1268,35.25,14.0,0.915,104351,1,5,2024
1269,36.66,7.6,0.654,462,1,7,2021
1270,114.16,3.9,0.94,11632,0,8,2017
1271,57.88,11.7,0.804,4986,1,6,2021
1272,30.57,3.4,0.676,1889,0,5,2021
1273,37.14,9.1,0.99,1630,1,6,2023
1274,61.72,21.7,0.819,5403,1,5,2021
1275,82.98,8.8,0.882,1137,1,9,2018
1276,18.19,13.6,0.73,14915,0,7,2022
1277,57.34,8.7,0.783,46235,0,10,2017
1278,20.77,13.0,0.988,9372,0,5,2020
1279,19.5,15.4,0.862,51522,0,6,2022
1280,30.71,23.6,0.953,5282,1,4,2021
1281,47.73,11.0,0.787,2423,1,11,2022
1282,76.77,21.3,0.949,1505,1,3,2021
1283,87.13,9.0,0.863,18232,0,5,2016
1284,46.91,26.6,0.899,2163,1,11,2020
1285,45.55,31.9,0.915,70971,1,6,2018
1286,300.0,7.7,0.665,208,0,3,2016
1287,33.22,70.9,0.703,132376,0,6,2019
1288,47.64,26.5,0.731,3036,0,8,2021
1289,37.27,23.3,0.924,29544,1,3,2017
1290,38.78,10.6,0.913,134519,0,8,2023
1291,13.87,16.5,0.738,2132,1,6,2022
1292,36.3,2.5,0.91,9116,0,4,2017
1293,33.02,10.5,0.812,722,1,5,2021
1294,9.58,5.4,0.76,951,1,7,2015
1295,15.23,34.7,0.784,421779,1,12,2017
1296,25.52,4.8,0.745,17840,0,4,2023
1297,31.8,3.6,0.709,2839,1,9,2022
1298,42.08,7.6,0.75,1436,1,10,2022
1299,43.94,11.5,0.883,6639,1,7,2017
1300,23.76,25.2,0.635,148120,1,7,2019
1301,60.99,8.8,0.763,12690,0,8,2017
1302,102.94,12.9,0.642,1573,1,10,2015
1303,70.17,6.6,0.938,53772,1,5,2015
1304,88.38,14.7,0.706,4838,0,10,2019
1305,171.96,23.3,0.844,20780,1,5,2017
1306,55.85,71.9,0.771,232965,1,5,2019
1307,46.22,4.6,0.868,24412,1,6,2021
1308,54.29,39.6,0.812,245,0,6,2019
1309,16.52,22.4,0.842,36323,0,4,2021
1310,38.37,7.3,0.917,1059,1,8,2019
1311,16.59,18.8,0.574,328,1,9,2018
1312,57.49,8.8,0.964,500000,1,8,2022
1313,52.82,8.1,0.546,2052,0,7,2022
1314,218.88,5.5,0.764,752,1,8,2020
1315,95.59,3.6,0.794,9069,1,4,2019
1316,31.39,8.2,0.717,207,0,10,2018
1317,52.69,2.2,0.749,57850,1,7,2019
1318,75.7,15.3,0.873,5798,0,8,2019
1319,42.33,38.1,0.685,3555,0,12,2021
1320,66.84,16.0,0.805,1488,1,7,2020
1321,65.67,7.9,0.736,461352,1,9,2020
1322,41.32,15.2,0.849,8967,1,8,2021
1323,22.32,16.0,0.805,854,1,8,2021
1324,52.49,25.4,0.718,8175,1,5,2015
1325,70.33,20.9,0.576,3361,1,5,2021
1326,102.8,17.2,0.864,31038,1,8,2018
1327,34.35,34.4,0.789,80,1,6,2022
1328,22.9,11.5,0.76,1062,1,4,2020
1329,24.38,25.8,0.852,6478,1,7,2020
1330,50.0,39.6,0.774,179,1,6,2020
1331,89.65,6.0,0.905,3343,1,6,2020
1332,88.62,6.5,0.876,438,1,4,2022
1333,55.09,33.8,0.685,3914,0,7,2018
1334,27.94,23.7,0.764,121144,1,10,2020
1335,44.26,12.6,0.876,4690,1,10,2021
1336,16.13,34.9,0.858,3725,0,9,2016
1337,34.52,25.8,0.985,48872,1,5,2023
1338,186.93,7.7,0.813,7951,1,7,2015
1339,17.61,19.9,0.808,1467,0,6,2019
1340,34.14,121.0,0.761,6416,1,8,2020
1341,29.55,19.7,0.782,12230,1,6,2023
1342,21.0,31.1,0.886,47816,0,7,2021
1343,21.26,4.8,0.819,3323,1,6,2015
1344,20.34,11.8,0.817,30507,0,6,2017
1345,31.63,7.8,0.899,481,0,7,2022
1346,49.79,24.9,0.824,19842,1,7,2017
1347,41.16,8.5,0.795,150,1,7,2016
1348,43.57,14.6,0.803,7850,1,4,2022
1349,23.95,76.9,0.729,3704,1,6,2022
1350,45.98,23.1,0.801,1544,1,5,2022
1351,16.73,8.1,0.774,535,1,4,2020
1352,36.67,3.0,0.844,33098,0,6,2020
1353,26.33,1.3,0.869,3897,1,9,2019
1354,26.84,6.3,0.897,1427,1,9,2015
1355,22.5,3.1,0.749,229954,1,8,2022
1356,17.76,3.2,0.97,200824,1,3,2020
1357,23.95,14.8,0.928,13007,1,4,2019
1358,19.52,3.6,0.74,796,0,7,2018
1359,60.83,4.7,0.73,2661,1,4,2021
1360,34.96,16.7,0.584,23766,0,10,2022
1361,37.76,5.1,0.476,15523,1,3,2015
1362,13.58,7.4,0.826,11184,1,9,2019
1363,68.12,15.0,0.754,9264,0,11,2022
1364,30.86,22.1,0.784,65233,0,4,2018
1365,86.43,5.7,0.818,388,1,6,2022
1366,45.44,5.5,0.872,548,0,8,2019
1367,61.56,43.0,0.796,2299,1,7,2016
1368,64.22,26.4,0.891,1641,0,9,2020
1369,33.92,5.9,0.798,12177,1,3,2019
1370,35.09,28.3,0.825,9691,1,9,2020
1371,105.76,61.4,0.938,35916,1,5,2021
1372,42.96,3.5,0.967,5249,1,7,2022
1373,100.94,40.4,0.524,1648,0,5,2018
1374,40.39,22.0,0.912,46875,1,4,2018
1375,44.68,6.9,0.786,11843,0,7,2016
1376,33.32,10.1,0.699,5076,0,3,2021
1377,24.06,14.9,0.758,11460,1,8,2019
1378,14.94,4.7,0.889,74115,0,8,2022
1379,42.64,1.7,0.82,1589,1,5,2021
1380,61.19,6.5,0.86,9416,1,3,2020
1381,12.16,12.9,0.828,2122,0,6,2015
1382,53.84,14.5,0.9,57939,1,5,2021
1383,49.46,5.4,0.774,4269,1,4,2021
1384,52.92,6.2,0.817,29461,1,9,2021
1385,70.42,6.2,0.523,347,0,4,2022
1386,127.87,9.5,0.885,4817,0,10,2016
1387,46.62,10.5,0.723,16944,1,8,2020
1388,25.96,11.2,0.842,395708,1,6,2020
1389,130.99,15.3,0.563,5148,0,3,2020
1390,90.92,13.0,0.788,2778,0,7,2020
1391,61.93,18.3,0.612,316,1,8,2020
1392,31.3,13.0,0.817,2674,1,5,2020
1393,26.77,11.8,0.854,640,0,6,2020
1394,23.36,19.5,0.784,4566,1,8,2021
1395,93.37,34.5,0.931,5138,1,11,2015
1396,49.69,8.3,0.716,37307,0,12,2021
1397,20.28,13.9,0.848,13828,1,3,2018
1398,93.88,32.3,0.58,177732,1,5,2022
1399,20.53,3.8,0.822,61834,0,6,2019
1400,24.36,17.4,0.649,7735,1,4,2020
1401,70.0,26.1,0.736,6256,0,6,2018
1402,61.96,17.9,0.665,5557,0,7,2016
1403,61.36,7.3,0.722,83223,1,6,2022
1404,50.64,33.2,0.766,35526,0,7,2022
1405,36.4,16.3,0.629,982,1,3,2020
1406,34.39,18.8,0.766,3228,1,8,2019
1407,23.64,14.5,0.766,18607,1,7,2021
1408,20.83,2.4,0.81,8859,1,3,2021
1409,51.76,7.4,0.928,190790,1,9,2021
1410,35.8,4.0,0.753,57894,1,5,2022
1411,9.49,25.0,0.724,464114,0,11,2017
1412,40.4,17.0,0.89,94662,1,8,2024
1413,52.27,15.1,0.91,221973,0,7,2020
1414,18.15,77.8,0.678,350,1,6,2022
1415,22.69,9.1,0.894,828,1,7,2023
1416,32.67,6.0,0.773,1299,0,5,2019
1417,78.87,59.8,0.865,5918,0,3,2021
1418,28.87,56.7,0.818,25586,0,8,2020
1419,38.52,6.1,0.761,18340,1,7,2017
1420,41.06,16.4,0.772,74,1,6,2016
1421,31.67,23.4,0.932,1373,1,8,2019
1422,152.24,14.6,0.945,1739,1,6,2020
1423,49.82,9.1,0.781,42227,1,5,2021
1424,17.7,8.4,0.737,2624,1,6,2018
1425,97.05,6.0,0.958,3192,0,5,2022
1426,26.61,15.1,0.87,237243,1,3,2024
1427,35.55,8.4,0.795,1437,0,7,2023
1428,56.78,13.5,0.875,1389,0,4,2016
1429,42.04,132.0,0.805,3052,1,6,2017
1430,84.18,28.0,0.56,27879,1,4,2020
1431,29.14,13.9,0.894,77016,1,3,2020
1432,19.65,5.4,0.819,13194,0,5,2019
1433,24.34,10.5,0.961,4164,0,9,2016
1434,15.32,6.7,0.911,8041,0,6,2023
1435,26.97,2.4,0.584,7004,1,7,2020
1436,30.09,7.6,0.772,63924,1,6,2020
1437,74.68,18.8,0.853,811,1,9,2019
1438,78.2,24.3,0.641,1516,1,5,2021
1439,39.02,10.7,0.777,251,1,7,2021
1440,45.05,24.0,0.791,1249,1,5,2022
1441,42.06,10.2,0.61,333,1,5,2020
1442,72.79,3.7,0.91,145,1,10,2015
1443,20.02,16.2,0.729,500000,1,6,2018
1444,19.85,11.7,0.771,117369,1,5,2020
1445,49.92,5.4,0.879,2131,0,7,2022
1446,18.6,32.1,0.856,141023,0,7,2021
1447,18.97,54.3,0.854,2477,1,8,2022
1448,21.92,14.8,0.714,147465,1,6,2019
1449,15.47,16.2,0.963,500000,1,9,2021
1450,24.84,8.8,0.88,7166,0,8,2021
1451,16.5,39.3,0.8,115295,1,4,2022
1452,25.7,14.0,0.655,86320,1,6,2017
1453,127.96,7.4,0.824,205,1,4,2019
1454,37.95,26.4,0.87,13495,1,8,2022
1455,46.46,10.4,0.83,69730,0,5,2019
1456,63.65,26.1,0.757,186997,1,6,2016
1457,28.12,15.5,0.856,664,1,5,2021
1458,46.27,4.0,0.684,7631,1,6,2017
1459,87.15,12.0,0.841,976,1,8,2015
1460,99.38,4.1,0.639,484,1,5,2020
1461,27.73,151.1,0.865,133115,1,5,2016
1462,47.68,36.0,0.914,395407,1,5,2019
1463,35.45,19.0,0.936,35092,1,5,2018
1464,24.0,42.3,0.696,1679,1,5,2020
1465,43.3,9.4,0.8,5585,1,10,2019
1466,48.85,78.3,0.81,188981,1,6,2020
1467,129.18,18.6,0.89,2068,0,7,2015
1468,28.16,21.5,0.889,47176,1,7,2021
1469,30.98,3.9,0.704,3556,1,4,2018
1470,36.83,20.5,0.767,18021,1,4,2018
1471,58.23,4.9,0.532,7318,0,4,2021
1472,22.75,13.6,0.947,229478,0,6,2021
1473,37.61,3.6,0.816,1505,1,5,2018
1474,29.17,15.6,0.921,51071,0,4,2021
1475,23.32,9.5,0.964,1371,1,9,2023
1476,111.81,6.9,0.869,6946,0,6,2020
1477,39.56,10.9,0.875,1489,1,8,2020
1478,44.31,32.9,0.784,558,1,6,2016
1479,39.09,19.6,0.818,104533,0,4,2015
1480,133.79,9.6,0.889,1259,0,9,2017
1481,42.25,11.0,0.912,7770,1,6,2020
1482,17.22,6.0,0.919,5728,0,10,2024
1483,52.01,28.8,0.585,2028,1,6,2015
1484,99.67,12.3,0.846,101,1,9,2021
1485,39.66,13.1,0.746,434,1,6,2018
1486,61.41,4.0,0.665,137916,1,7,2021
1487,70.23,22.6,0.867,193768,1,8,2021
1488,15.5,3.8,0.905,261,1,6,2020
1489,46.67,23.5,0.651,6637,0,8,2019
1490,39.17,6.7,0.808,512,0,8,2022
1491,120.97,31.5,0.856,42233,0,5,2021
1492,9.43,28.7,0.853,500000,1,9,2023
1493,155.73,11.1,0.873,2732,0,5,2022
1494,44.85,21.0,0.749,2859,1,10,2016
1495,41.3,11.2,0.619,62601,0,7,2019
1496,7.08,3.7,0.844,197414,0,6,2023
1497,11.28,41.1,0.906,47062,0,7,2019
1498,19.09,28.5,0.926,1523,1,7,2020
1499,21.88,13.6,0.927,6859,0,6,2022
1500,95.34,19.2,0.91,7531,1,7,2020
1501,23.22,7.3,0.627,682,0,5,2023
1502,45.31,6.0,0.984,4224,1,6,2022
1503,37.67,37.1,0.74,304,0,5,2022
1504,16.99,10.3,0.822,25285,1,8,2022
1505,13.77,10.0,0.751,349,1,7,2022
1506,49.8,5.8,0.755,6468,1,7,2015
1507,41.66,41.0,0.623,18034,0,10,2020
1508,20.44,6.9,0.799,13421,0,3,2016
1509,58.45,1.6,0.916,345220,0,5,2019
1510,28.49,25.0,0.647,444,1,7,2019
1511,56.9,32.4,0.865,1060,0,4,2015
1512,31.8,5.3,0.738,4359,1,7,2022
1513,49.4,3.0,0.905,2542,0,5,2021
1514,23.94,11.6,0.691,10687,0,9,2020
1515,69.94,22.8,0.917,8631,1,8,2021
1516,30.17,80.8,0.814,202,0,4,2017
1517,47.2,14.6,0.722,44237,0,6,2024
1518,33.06,41.9,0.858,725,1,5,2018
1519,31.57,31.4,0.692,500000,1,6,2020
1520,75.46,7.5,0.866,6426,0,4,2018
1521,24.17,8.9,0.907,319245,1,6,2022
1522,44.34,50.5,0.933,454,1,5,2024
1523,27.79,8.0,0.824,8662,1,9,2020
1524,61.98,60.5,0.946,500000,1,6,2021
1525,93.46,11.0,0.956,1609,1,5,2018
1526,29.49,43.0,0.926,1523,1,6,2017
1527,84.69,2.7,0.827,2187,0,4,2018
1528,19.89,26.9,0.784,4162,0,9,2022
1529,20.61,1.9,0.533,25405,0,8,2019
1530,39.34,5.4,0.796,118,0,5,2016
1531,46.4,11.9,0.837,439,1,5,2018
1532,51.44,13.4,0.65,449,1,5,2019
1533,26.92,35.0,0.807,23720,0,3,2022
1534,27.56,26.6,0.95,3578,1,4,2019
1535,102.04,4.1,0.704,167,1,8,2018
1536,45.86,11.2,0.614,40143,1,7,2019
1537,43.7,20.5,0.717,1866,0,10,2018
1538,18.3,5.6,0.76,14100,1,8,2021
1539,13.01,7.0,0.882,1522,1,6,2018
1540,12.99,16.1,0.779,7672,1,7,2018
1541,20.89,59.9,0.889,3237,1,9,2021
1542,27.49,3.2,0.551,3118,1,3,2017
1543,31.98,42.5,0.68,54293,1,2,2023
1544,31.58,38.8,0.494,12601,1,3,2019
1545,44.72,58.9,0.53,19108,0,7,2023
1546,109.42,2.1,0.611,6367,0,4,2019
1547,41.55,5.2,0.828,58116,0,3,2016
1548,14.46,3.2,0.863,1918,1,7,2023
1549,111.57,6.2,0.692,302,1,9,2021
1550,34.26,27.2,0.822,82,1,4,2017
1551,176.96,30.7,0.771,9850,1,6,2019
1552,53.4,23.7,0.857,500000,0,10,2021
1553,31.99,90.2,0.971,2834,1,6,2021
1554,24.06,9.5,0.599,1178,1,7,2021
1555,36.06,20.3,0.959,20836,1,8,2024
1556,132.67,12.5,0.698,481,1,4,2016
1557,24.6,8.7,0.955,34405,0,9,2018
1558,43.04,21.7,0.885,11570,1,9,2021
1559,41.13,12.5,0.798,10184,1,6,2019
1560,65.2,3.6,0.663,2990,1,5,2022
1561,145.22,13.2,0.914,53692,1,5,2021
1562,41.8,3.9,0.845,16525,0,6,2019
1563,19.34,33.7,0.749,1520,0,6,2020
1564,19.76,25.1,0.904,16343,1,9,2023
1565,26.36,2.4,0.581,500000,1,4,2020
1566,77.98,19.4,0.923,14834,1,7,2022
1567,11.99,33.7,0.837,378,1,10,2018
1568,40.97,18.3,0.78,1102,1,3,2020
1569,16.31,9.0,0.687,13257,1,6,2020
1570,24.12,7.0,0.826,10461,1,5,2021
1571,55.05,36.6,0.79,296818,1,7,2020
1572,92.73,9.9,0.853,3926,0,5,2016
1573,32.87,30.1,0.924,2859,1,6,2018
1574,26.87,19.2,0.786,1457,0,10,2018
1575,28.26,19.1,0.927,22566,1,4,2022
1576,36.95,3.8,0.845,1284,1,9,2021
1577,47.47,59.4,0.777,3345,0,7,2019
1578,16.81,42.5,0.751,1124,1,5,2017
1579,50.67,44.5,0.862,2231,1,7,2023
1580,117.42,10.7,0.749,73481,1,5,2020
1581,22.67,58.5,0.936,1490,0,6,2017
1582,19.42,29.5,0.864,25825,0,3,2016
1583,51.42,29.1,0.928,2501,0,6,2015
1584,40.6,3.8,0.611,361,0,7,2021
1585,18.11,8.4,0.883,34710,0,2,2021
1586,46.75,3.6,0.795,7239,0,5,2019
1587,28.13,12.4,0.955,8069,0,4,2022
1588,62.86,21.9,0.684,11201,1,11,2020
1589,33.64,13.2,0.802,5167,1,8,2022
1590,52.53,2.4,0.673,335,1,4,2024
1591,46.2,40.8,0.849,220,1,8,2022
1592,69.46,28.2,0.825,1714,1,5,2020
1593,68.42,14.8,0.821,61524,0,7,2023
1594,11.98,17.2,0.72,95057,1,12,2018
1595,48.05,2.8,0.81,3015,1,8,2021
1596,73.79,9.9,0.891,434,0,7,2018
1597,177.93,29.7,0.735,819,1,9,2019
1598,38.84,13.8,0.859,3475,1,4,2023
1599,102.57,24.4,0.903,34690,1,7,2019
1600,8.78,6.8,0.886,8032,1,7,2022
1601,75.1,4.8,0.725,1792,1,6,2016
1602,18.44,13.0,0.772,228,1,4,2023
1603,70.81,19.7,0.907,194408,1,7,2021
1604,35.28,11.3,0.857,3321,1,6,2022
1605,69.97,40.4,0.845,10734,0,6,2021
1606,39.09,11.4,0.634,41991,1,4,2020
1607,28.95,30.8,0.755,129,1,11,2018
1608,207.97,10.2,0.661,987,1,3,2023
1609,30.72,25.1,0.954,12404,1,6,2023
1610,10.95,7.6,0.856,35717,1,8,2020
1611,33.21,8.0,0.833,47904,1,9,2020
1612,33.51,49.1,0.834,22267,1,6,2018
1613,22.07,3.1,0.878,5767,0,5,2016
1614,17.86,26.0,0.728,2329,1,6,2021
1615,44.96,8.5,0.695,40417,1,7,2019
1616,27.12,12.4,0.853,1103,1,10,2017
1617,64.5,47.7,0.696,83,0,8,2021
1618,22.04,32.4,0.913,1363,1,6,2017
1619,88.85,22.9,0.721,1173,1,9,2020
1620,30.52,8.1,0.623,9583,1,11,2017
1621,77.17,196.4,0.905,1531,1,9,2021
1622,67.38,11.3,0.572,1500,1,5,2020
1623,48.53,10.2,0.811,306,1,8,2018
1624,32.34,10.7,0.93,5344,0,5,2019
1625,16.45,16.6,0.835,506,1,7,2021
1626,30.39,9.1,0.917,4272,1,4,2021
1627,40.96,3.0,0.861,7798,1,7,2021
1628,43.76,10.9,0.782,3452,1,7,2020
1629,45.78,10.9,0.879,7573,1,5,2019
1630,27.28,5.7,0.614,135,0,4,2018
1631,16.47,25.5,0.772,583,0,12,2015
1632,23.07,6.1,0.659,5429,1,10,2023
1633,54.39,8.2,0.741,9090,0,4,2021
1634,60.18,5.8,0.924,2355,0,3,2019
1635,36.64,16.2,0.893,24211,1,6,2020
1636,104.66,4.9,0.65,201,1,3,2022
1637,39.74,6.9,0.664,455,0,6,2022
1638,117.88,12.1,0.642,900,0,4,2019
1639,72.83,10.1,0.886,7859,0,5,2020
1640,62.25,9.9,0.825,4784,1,7,2016
1641,33.33,20.9,0.864,26974,0,6,2022
1642,26.52,32.8,0.619,500000,1,6,2023
1643,40.85,19.9,0.676,90021,0,6,2021
1644,41.68,4.6,0.423,5950,1,12,2021
1645,13.63,3.7,0.895,13628,1,5,2021
1646,31.33,54.3,0.964,9360,1,8,2021
1647,17.46,5.6,0.62,6338,1,4,2020
1648,25.3,43.2,0.458,14839,0,4,2020
1649,27.79,5.4,0.783,15110,1,8,2016
1650,50.2,9.6,0.829,3692,1,8,2018
1651,30.91,12.7,0.829,968,0,6,2021
1652,70.64,74.9,0.764,43294,0,9,2017
1653,48.67,5.1,0.902,7027,0,7,2022
1654,107.16,9.8,0.775,49,0,4,2017
1655,17.6,19.0,0.956,1169,0,5,2020
1656,67.07,17.4,0.8,30,0,7,2021
1657,14.41,18.6,0.796,1293,1,4,2018
1658,33.03,6.0,0.917,32944,1,6,2015
1659,25.26,8.5,0.768,12777,1,9,2020
1660,68.45,5.7,0.85,22064,1,4,2022
1661,59.5,4.3,0.802,798,0,5,2020
1662,15.78,1.2,0.72,2658,0,4,2020
1663,11.68,11.5,0.929,568,1,7,2018
1664,29.77,54.3,0.87,3916,1,4,2020
1665,33.07,8.3,0.646,20311,1,5,2019
1666,30.79,11.8,0.95,1606,1,11,2021
1667,25.12,30.7,0.5,79,1,4,2017
1668,213.16,16.9,0.871,7961,1,6,2022
1669,45.81,14.6,0.884,9362,1,6,2019
1670,40.35,10.0,0.825,35020,1,8,2020
1671,116.93,15.3,0.918,4550,1,5,2023
1672,56.44,5.1,0.913,541,1,7,2019
1673,68.11,4.3,0.806,44836,0,8,2020
1674,49.52,16.7,0.709,286,0,4,2020
1675,28.44,13.4,0.673,273045,1,8,2020
1676,8.16,7.3,0.927,10611,0,5,2020
1677,110.32,185.7,0.835,7863,1,6,2022
1678,70.54,4.7,0.656,12532,0,5,2022
1679,40.46,16.4,0.955,2337,1,9,2017
1680,122.54,38.0,0.795,37452,1,7,2016
1681,55.62,3.3,0.594,170,0,5,2018
1682,61.13,14.8,0.906,1745,0,4,2021
1683,62.13,25.4,0.941,2362,0,6,2021
1684,166.75,22.1,0.799,47,1,4,2022
1685,30.23,19.3,0.878,16809,1,5,2022
1686,56.02,56.6,0.784,24473,1,5,2022
1687,72.76,59.2,0.776,1002,1,6,2021
1688,32.92,12.7,0.782,3652,0,9,2019
1689,76.99,5.3,0.871,12156,1,6,2019
1690,126.57,3.9,0.834,3649,0,7,2018
1691,20.21,39.9,0.853,24691,1,6,2023
1692,31.28,30.2,0.823,1252,1,5,2021
1693,104.53,10.9,0.72,240,1,7,2019
1694,20.46,9.4,0.949,4532,1,6,2021
1695,18.34,64.8,0.677,2720,1,5,2017
1696,43.22,12.7,0.827,24109,1,4,2023
1697,45.31,29.3,0.909,872,1,9,2020
1698,74.77,10.0,0.892,5633,0,5,2017
1699,75.36,16.0,0.623,3684,0,8,2017
1700,52.13,15.5,0.618,190,0,7,2022
1701,15.04,18.0,0.693,2506,1,7,2021
1702,24.98,3.8,0.605,34725,0,8,2019
1703,25.05,18.2,0.523,171,1,8,2021
1704,84.78,26.3,0.912,5546,1,9,2021
1705,22.78,2.7,0.974,47056,0,6,2017
1706,77.93,3.5,0.586,22136,0,11,2021
1707,45.91,37.1,0.697,6617,1,4,2017
1708,41.09,16.7,0.808,40676,1,4,2017
1709,19.74,5.3,0.902,547,1,9,2019
1710,66.4,36.3,0.977,8086,1,4,2020
1711,99.67,3.9,0.65,1114,1,5,2017
1712,11.61,7.7,0.839,2479,0,4,2024
1713,26.74,6.1,0.868,855,1,4,2021
1714,63.61,6.9,0.793,483,0,9,2019
1715,110.46,4.5,0.588,9,0,3,2015
1716,78.35,13.2,0.513,2618,1,8,2016
1717,21.59,13.5,0.962,3488,1,9,2016
1718,53.04,12.1,0.749,22164,1,6,2021
1719,52.79,3.3,0.824,5230,1,5,2020
1720,34.41,13.5,0.699,48341,1,7,2017
1721,73.6,7.5,0.735,15024,0,7,2020
1722,94.09,12.3,0.803,25906,1,6,2019
1723,53.71,16.8,0.566,3526,0,10,2020
1724,52.71,11.8,0.717,16205,1,3,2016
1725,90.82,51.1,0.932,3022,1,9,2021
1726,99.58,12.9,0.954,21368,1,4,2019
1727,14.22,3.1,0.735,61163,0,8,2023
1728,71.72,5.2,0.701,35557,0,7,2016
1729,51.7,6.9,0.794,8704,1,9,2020
1730,18.74,7.7,0.803,4112,0,10,2021
1731,56.82,27.4,0.796,4550,0,8,2016
1732,59.77,3.6,0.901,14936,1,6,2021
1733,13.96,88.8,0.903,4173,1,10,2017
1734,63.72,6.5,0.801,19257,0,3,2018
1735,49.29,12.7,0.822,83115,1,10,2023
1736,42.99,15.9,0.873,10037,1,5,2022
1737,32.44,1.0,0.814,16713,1,6,2021
1738,83.06,10.2,0.673,1761,1,7,2020
1739,33.61,13.0,0.562,14201,0,8,2018
1740,53.0,11.2,0.715,67449,1,4,2023
1741,38.97,22.7,0.8,5613,1,10,2016
1742,62.92,14.4,0.689,618,1,5,2021
1743,26.82,1.9,0.78,3253,1,3,2022
1744,63.07,19.7,0.758,1241,1,7,2022
1745,81.72,16.4,0.775,6065,1,9,2017
1746,39.76,7.4,0.738,75,0,8,2021
1747,20.26,32.6,0.8,3240,0,6,2024
1748,47.88,5.7,0.967,17888,1,6,2019
1749,74.5,11.3,0.821,3203,1,6,2015
1750,38.84,4.2,0.804,172,1,5,2022
1751,16.47,37.9,0.924,926,0,8,2015
1752,106.45,14.1,0.672,19415,1,6,2018
1753,33.5,11.4,0.871,257,1,10,2021
1754,47.29,15.6,0.844,848,1,8,2016
1755,44.62,57.2,0.878,9817,1,7,2020
1756,26.87,4.7,0.571,5419,1,6,2019
1757,84.46,59.5,0.779,3914,1,5,2024
1758,58.96,20.9,0.715,13724,1,5,2020
1759,32.18,22.6,0.924,15219,0,9,2022
1760,66.05,5.0,0.809,3604,0,12,2020
1761,22.31,94.1,0.887,14936,1,7,2021
1762,93.28,14.2,0.88,74350,1,12,2020
1763,28.82,107.3,0.802,4260,1,8,2020
1764,59.92,16.8,0.965,19449,0,6,2020
1765,14.85,4.2,0.756,210230,0,6,2020
1766,28.18,19.2,0.707,10800,1,5,2019
1767,63.89,20.2,0.815,14243,1,5,2021
1768,54.61,27.2,0.71,40977,1,5,2015
1769,101.23,7.7,0.883,6511,0,6,2017
1770,70.48,11.5,0.787,5218,1,7,2019
1771,17.08,3.4,0.926,12223,1,6,2024
1772,34.73,43.3,0.839,98074,0,6,2020
1773,23.98,15.4,0.728,2668,1,4,2021
1774,39.24,16.3,0.747,39224,1,9,2022
1775,44.67,53.4,0.874,52,1,5,2020
1776,19.38,9.8,0.705,85925,1,6,2023
1777,38.58,9.2,0.847,23,1,6,2019
1778,47.74,12.0,0.813,10144,1,4,2018
1779,39.14,14.2,0.933,845,0,13,2020
1780,43.27,10.1,0.721,634,1,7,2016
1781,20.24,23.1,0.85,1275,0,9,2020
1782,36.42,12.2,0.865,22502,0,5,2018
1783,53.37,8.5,0.839,469,0,9,2023
1784,38.18,7.8,0.773,57,1,8,2021
1785,48.43,4.5,0.799,5677,1,8,2020
1786,139.38,16.5,0.914,121306,1,8,2017
1787,81.69,14.6,0.88,126590,0,4,2021
1788,45.95,23.0,0.757,158967,1,6,2021
1789,16.54,6.6,0.899,131,0,5,2022
1790,27.37,14.5,0.895,35980,1,4,2020
1791,20.42,17.8,0.509,46534,1,5,2020
1792,31.08,9.5,0.927,20,1,7,2019
1793,43.25,7.1,0.816,3636,1,3,2022
1794,27.8,54.5,0.746,1406,1,8,2020
1795,51.4,41.0,0.905,30081,1,4,2020
1796,71.31,17.3,0.653,3282,1,9,2021
1797,54.17,20.1,0.909,556,1,4,2017
1798,31.55,5.6,0.962,254301,0,4,2022
1799,68.1,22.3,0.69,91073,1,7,2020
1800,28.95,8.2,0.815,133,1,3,2024
1801,52.04,22.1,0.699,74324,1,6,2020
1802,21.64,6.4,0.853,6051,0,6,2019
1803,52.35,29.7,0.908,230297,1,6,2021
1804,38.8,162.8,0.796,75092,1,9,2018
1805,66.04,7.2,0.737,97292,1,9,2019
1806,40.16,16.5,0.962,2728,1,11,2017
1807,54.64,11.4,0.888,893,1,8,2019
1808,17.42,5.4,0.879,3311,0,6,2023
1809,51.29,9.5,0.706,86640,1,6,2024
1810,63.79,10.0,0.731,282,0,5,2021
1811,26.46,7.0,0.795,7463,1,11,2016
1812,65.61,50.4,0.736,365,0,4,2019
1813,85.65,171.3,0.815,53525,0,11,2020
1814,113.06,17.8,0.868,1065,1,5,2022
1815,76.88,4.4,0.772,3347,1,6,2020
1816,23.59,6.8,0.681,13745,1,7,2016
1817,19.34,1.8,0.696,34411,1,11,2020
1818,17.97,19.4,0.585,36347,1,5,2021
1819,66.24,23.4,0.839,137387,1,5,2017
1820,19.8,19.1,0.883,621,0,5,2021
1821,13.26,2.2,0.704,66419,1,6,2023
1822,22.65,15.2,0.913,82082,1,4,2017
1823,41.54,17.3,0.907,3766,1,4,2023
1824,14.52,27.4,0.847,14589,0,8,2021
1825,97.5,25.0,0.797,4847,1,5,2018
1826,48.33,4.2,0.725,26137,1,9,2019
1827,84.7,10.2,0.949,34100,1,5,2016
1828,92.36,24.8,0.915,69567,0,3,2017
1829,32.4,19.1,0.799,2446,1,5,2022
1830,49.31,51.0,0.75,1004,0,5,2022
1831,46.84,5.6,0.852,3760,1,8,2020
1832,26.58,23.7,0.588,2380,1,8,2019
1833,100.09,16.6,0.655,4628,0,8,2015
1834,93.05,11.6,0.626,476,1,7,2020
1835,33.54,13.1,0.789,5700,0,10,2019
1836,24.88,16.8,0.742,19078,1,4,2019
1837,16.64,7.9,0.932,368,1,7,2022
1838,50.74,3.5,0.791,2622,1,5,2018
1839,31.55,30.7,0.441,639,1,4,2020
1840,13.83,6.6,0.869,112,1,7,2018
1841,86.22,14.2,0.926,500000,1,8,2018
1842,86.56,10.2,0.956,17364,0,8,2022
1843,60.33,3.6,0.589,14805,1,5,2018
1844,94.91,9.6,0.773,265477,1,5,2020
1845,35.41,12.3,0.968,3853,1,7,2024
1846,13.94,7.9,0.947,824,0,4,2016
1847,47.02,16.2,0.814,249,1,6,2022
1848,21.62,2.8,0.53,6313,1,4,2018
1849,26.98,8.7,0.869,114520,1,5,2016
1850,14.21,6.8,0.859,48105,1,5,2023
1851,24.2,24.0,0.903,3058,1,4,2016
1852,44.41,38.2,0.652,812,0,2,2020
1853,32.71,2.8,0.88,617,1,6,2021
1854,38.63,13.4,0.74,1273,1,3,2020
1855,41.99,10.4,0.733,2580,1,5,2016
1856,83.74,22.0,0.764,488,1,6,2022
1857,61.95,22.5,0.844,1095,1,5,2019
1858,92.18,52.1,0.791,769,0,7,2021
1859,9.09,35.0,0.96,11793,0,4,2018
1860,18.07,42.3,0.931,92,1,4,2021
1861,106.12,4.0,0.735,44766,1,8,2019
1862,22.35,19.0,0.702,1051,0,3,2016
1863,19.74,10.4,0.889,25432,1,10,2017
1864,19.51,29.5,0.89,489,0,7,2019
1865,33.46,10.6,0.826,36567,1,10,2018
1866,73.6,17.5,0.898,1928,1,4,2020
1867,11.39,4.5,0.644,83315,1,5,2016
1868,79.38,83.7,0.7,1096,1,6,2019
1869,20.96,4.4,0.907,8931,1,5,2021
1870,92.36,29.1,0.608,1408,0,9,2019
1871,13.43,30.5,0.905,18291,1,8,2020
1872,62.19,13.4,0.799,5053,0,3,2018
1873,86.59,22.6,0.452,2190,1,9,2018
1874,44.8,10.4,0.623,2745,1,6,2020
1875,87.08,19.2,0.844,47261,1,10,2017
1876,129.66,18.8,0.891,1398,1,7,2022
1877,37.62,13.8,0.815,3120,1,3,2021
1878,30.67,36.4,0.84,2689,1,9,2022
1879,27.63,10.2,0.96,1181,1,9,2022
1880,64.16,13.1,0.837,4503,1,4,2021
1881,33.19,23.4,0.75,24637,1,5,2018
1882,19.76,3.1,0.769,5208,0,6,2021
1883,76.8,18.5,0.866,8405,0,6,2019
1884,18.32,8.4,0.675,917,1,7,2023
1885,29.65,5.0,0.817,15502,1,6,2021
1886,59.03,27.9,0.794,252,0,7,2020
1887,140.42,45.4,0.86,2700,1,4,2021
1888,39.75,24.8,0.844,701,1,5,2016
1889,18.19,9.7,0.828,792,0,5,2020
1890,60.64,2.7,0.897,63487,1,6,2016
1891,42.03,24.5,0.83,75488,0,8,2017
1892,32.03,8.7,0.943,6829,0,5,2019
1893,36.05,17.2,0.946,1876,1,7,2020
1894,30.16,7.6,0.622,479,1,13,2021
1895,84.8,11.5,0.787,6642,1,3,2024
1896,35.65,3.4,0.827,215,0,6,2020
1897,67.3,3.1,0.752,3146,1,5,2020
1898,23.15,3.1,0.881,5328,1,5,2016
1899,61.37,4.1,0.768,7957,0,8,2019
1900,70.35,9.7,0.511,912,1,7,2017
1901,68.23,15.3,0.731,14057,1,6,2024
1902,34.02,11.6,0.839,8992,1,14,2024
1903,62.35,10.3,0.647,11171,1,7,2020
1904,58.16,15.0,0.637,22254,1,6,2022
1905,20.54,2.4,0.836,364,1,5,2018
1906,68.77,2.1,0.866,12460,0,10,2021
1907,33.61,23.1,0.851,104,1,3,2016
1908,16.19,10.4,0.842,2913,1,9,2020
1909,10.14,36.4,0.863,3446,0,4,2015
1910,20.94,17.6,0.853,2294,1,7,2015
1911,60.89,7.0,0.948,500000,1,7,2018
1912,29.25,12.7,0.755,3644,1,3,2022
1913,37.77,58.6,0.742,3165,0,5,2017
1914,35.37,11.4,0.954,18006,0,5,2022
1915,72.07,16.4,0.914,4582,1,9,2021
1916,15.91,57.9,0.72,8791,0,7,2018
1917,30.57,11.1,0.952,1723,0,3,2020
1918,80.48,24.2,0.851,4283,1,11,2024
1919,30.86,15.3,0.82,175176,1,7,2020
1920,19.25,8.0,0.935,2075,0,5,2019
1921,17.87,8.2,0.608,75612,0,6,2019
1922,21.78,23.3,0.855,243,0,8,2018
1923,27.58,42.1,0.747,822,0,4,2021
1924,28.04,24.3,0.798,19198,1,11,2019
1925,26.13,25.7,0.722,1903,1,9,2020
1926,18.05,38.3,0.735,466,1,7,2020
1927,40.9,25.4,0.711,10190,1,9,2022
1928,62.21,15.3,0.685,393,0,5,2023
1929,25.62,15.3,0.892,66783,0,4,2019
1930,38.32,18.8,0.782,7565,1,7,2024
1931,13.38,21.1,0.823,44589,1,6,2020
1932,85.78,11.3,0.94,5275,1,6,2020
1933,8.91,31.6,0.754,13357,1,7,2021
1934,25.06,29.0,0.942,53616,0,4,2024
1935,33.49,58.9,0.903,16074,1,4,2021
1936,73.1,14.2,0.953,4756,0,6,2019
1937,25.15,14.1,0.828,10647,1,6,2018
1938,115.82,26.0,0.894,1308,1,8,2022
1939,46.33,12.6,0.812,17962,1,8,2019
1940,29.96,18.9,0.904,205287,1,7,2020
1941,47.21,15.2,0.62,500000,0,6,2023
1942,36.72,56.9,0.877,259810,1,7,2016
1943,35.92,8.0,0.652,178,0,9,2018
1944,48.9,3.4,0.785,332,1,6,2016
1945,27.98,3.5,0.856,407,1,11,2018
1946,26.3,8.8,0.518,761,1,8,2018
1947,40.21,4.6,0.61,8363,0,12,2023
1948,176.52,7.7,0.865,682,0,5,2020
1949,50.77,28.4,0.817,99,0,6,2019
1950,48.73,30.8,0.736,376,0,6,2020
1951,48.76,94.8,0.748,3520,1,3,2016
1952,138.74,4.3,0.844,35717,1,8,2021
1953,57.65,4.7,0.724,402,0,7,2022
1954,37.59,14.9,0.666,34599,0,8,2018
1955,25.89,4.2,0.847,2233,0,9,2020
1956,107.14,9.8,0.655,8918,1,6,2021
1957,40.09,6.8,0.824,950,1,10,2022
1958,61.21,2.1,0.736,3353,1,4,2019
1959,24.43,7.4,0.882,7082,0,7,2022
1960,32.34,33.9,0.778,5068,0,6,2022
1961,100.79,24.6,0.907,299,1,5,2022
1962,49.68,25.6,0.746,143117,0,7,2022
1963,69.04,27.1,0.76,180,1,10,2019
1964,16.39,9.2,0.782,588,1,5,2020
1965,73.26,4.4,0.84,66922,0,4,2020
1966,27.2,6.5,0.821,56818,1,7,2019
1967,32.43,10.9,0.813,3255,1,9,2020
1968,32.43,3.7,0.677,344,0,4,2018
1969,51.15,2.8,0.866,34925,1,4,2018
1970,29.8,4.4,0.672,67131,1,7,2016
1971,18.49,14.2,0.865,7567,1,4,2018
1972,74.48,14.7,0.766,854,1,4,2022
1973,30.36,7.1,0.816,73206,1,3,2021
1974,16.1,17.8,0.526,4842,1,4,2024
1975,212.06,13.9,0.876,2034,1,7,2017
1976,31.54,3.2,0.629,2557,1,7,2017
1977,12.02,14.5,0.624,36587,1,10,2023
1978,28.93,19.8,0.856,17786,0,8,2020
1979,44.2,9.1,0.875,1663,0,7,2019
1980,44.28,23.0,0.827,4007,0,6,2016
1981,30.51,14.2,0.74,37999,0,6,2022
1982,79.67,14.2,0.89,2277,1,7,2017
1983,87.79,10.6,0.85,1437,0,8,2017
1984,15.5,48.5,0.871,27445,0,9,2021
1985,49.6,17.3,0.766,2961,0,7,2018
1986,37.89,11.9,0.806,500000,1,9,2018
1987,46.86,19.1,0.666,7307,1,10,2015
1988,56.45,6.8,0.909,6266,0,4,2015
1989,21.67,3.7,0.933,24231,1,7,2021
1990,26.9,12.2,0.837,55202,0,4,2020
1991,68.89,13.9,0.866,21220,1,5,2018
1992,40.96,6.1,0.781,11965,1,9,2022
1993,24.45,8.8,0.871,33166,1,6,2015
1994,163.79,17.0,0.715,97538,1,9,2020
1995,26.73,76.2,0.671,249,1,9,2015
1996,18.95,1.8,0.972,12094,0,9,2023
1997,46.03,4.9,0.74,3334,1,5,2016
1998,13.43,44.0,0.712,1570,0,13,2021
1999,16.11,26.8,0.667,11175,0,4,2022
2000,85.2,15.2,0.9,128,0,8,2021
